timeOpen;timeClose;timeHigh;timeLow;name;open;high;low;close;volume;marketCap;timestamp
"2023-12-31T00:00:00.000Z";"2023-12-31T23:59:59.999Z";"2023-12-31T12:19:00.000Z";"2023-12-31T03:31:00.000Z";"2790";92.1208107297;95.0961272931;90.3499708098;91.9632565489;1581683530.3761535;39415683349.91687;"2023-12-31T23:59:59.999Z"
"2023-12-30T00:00:00.000Z";"2023-12-30T23:59:59.999Z";"2023-12-30T01:28:00.000Z";"2023-12-30T09:46:00.000Z";"2790";96.1498629249;97.081273801;91.4188480141;92.1216284188;1685294653.2806268;39547660613.69897;"2023-12-30T23:59:59.999Z"
"2023-12-29T00:00:00.000Z";"2023-12-29T23:59:59.999Z";"2023-12-29T09:34:00.000Z";"2023-12-29T01:02:00.000Z";"2790";92.2242947349;99.225600694;90.3148074565;96.1616346156;4016982975.140598;41225690407.748634;"2023-12-29T23:59:59.999Z"
"2023-12-28T00:00:00.000Z";"2023-12-28T23:59:59.999Z";"2023-12-28T00:32:00.000Z";"2023-12-28T14:46:00.000Z";"2790";96.3444069141;98.4929232095;88.0492593178;92.2622975069;4044368961.0051203;39406015537.840775;"2023-12-28T23:59:59.999Z"
"2023-12-27T00:00:00.000Z";"2023-12-27T23:59:59.999Z";"2023-12-27T11:01:00.000Z";"2023-12-27T17:05:00.000Z";"2790";102.0217902574;104.0472210857;94.8656275307;96.3461361479;3865104919.235409;41493304277.77275;"2023-12-27T23:59:59.999Z"
"2023-12-26T00:00:00.000Z";"2023-12-26T23:59:59.999Z";"2023-12-26T00:07:00.000Z";"2023-12-26T17:43:00.000Z";"2790";109.8883945542;109.9694339304;94.9290072471;102.0379129919;5551994108.493886;43846649052.34918;"2023-12-26T23:59:59.999Z"
"2023-12-25T00:00:00.000Z";"2023-12-25T23:59:59.999Z";"2023-12-25T18:13:00.000Z";"2023-12-25T00:46:00.000Z";"2790";102.1730978141;113.6839452437;98.8435396827;109.9297518948;5402369739.118072;47006085716.41628;"2023-12-25T23:59:59.999Z"
"2023-12-24T00:00:00.000Z";"2023-12-24T23:59:59.999Z";"2023-12-24T04:16:00.000Z";"2023-12-24T00:00:00.000Z";"2790";97.6965698914;106.4918476328;97.6965698914;102.1014761235;5772936670.508346;43608085493.583466;"2023-12-24T23:59:59.999Z"
"2023-12-23T00:00:00.000Z";"2023-12-23T23:59:59.999Z";"2023-12-23T22:55:00.000Z";"2023-12-23T04:09:00.000Z";"2790";88.8813574878;99.314227369;84.4419697698;97.5778549975;3589143834.7438064;41711919619.80084;"2023-12-23T23:59:59.999Z"
"2023-12-22T00:00:00.000Z";"2023-12-22T23:59:59.999Z";"2023-12-22T02:41:00.000Z";"2023-12-22T09:19:00.000Z";"2790";85.2669114318;90.1228389764;82.4679216379;88.8831724191;4800524950.45313;38046831915.48067;"2023-12-22T23:59:59.999Z"
"2023-12-21T00:00:00.000Z";"2023-12-21T23:59:59.999Z";"2023-12-21T23:13:00.000Z";"2023-12-21T01:19:00.000Z";"2790";75.0999296183;86.5942930367;74.1943203257;85.2697234263;4305287322.390235;36649773654.92539;"2023-12-21T23:59:59.999Z"
"2023-12-20T00:00:00.000Z";"2023-12-20T23:59:59.999Z";"2023-12-20T18:15:00.000Z";"2023-12-20T00:00:00.000Z";"2790";66.4752707716;76.6098313608;66.4752707716;75.0913058057;3411412407.997104;32025157243.170868;"2023-12-20T23:59:59.999Z"
"2023-12-19T00:00:00.000Z";"2023-12-19T23:59:59.999Z";"2023-12-19T07:52:00.000Z";"2023-12-19T18:02:00.000Z";"2790";68.0643806351;69.7621759954;65.600155252;66.4721482957;1740192506.0117738;28588386765.979946;"2023-12-19T23:59:59.999Z"
"2023-12-18T00:00:00.000Z";"2023-12-18T23:59:59.999Z";"2023-12-18T21:49:00.000Z";"2023-12-18T10:35:00.000Z";"2790";65.1083557866;69.0067370707;61.6905028222;68.0667619065;2094501224.9759052;29188755431.7286;"2023-12-18T23:59:59.999Z"
"2023-12-17T00:00:00.000Z";"2023-12-17T23:59:59.999Z";"2023-12-17T19:19:00.000Z";"2023-12-17T23:37:00.000Z";"2790";67.3555107313;68.5096610057;65.0130947242;65.1765622215;1423092200.058155;27840389279.41311;"2023-12-17T23:59:59.999Z"
"2023-12-16T00:00:00.000Z";"2023-12-16T23:59:59.999Z";"2023-12-16T16:01:00.000Z";"2023-12-16T00:40:00.000Z";"2790";66.4009274782;70.6597340899;65.6087601874;67.3543350005;1633563066.7504528;28801953825.655437;"2023-12-16T23:59:59.999Z"
"2023-12-15T00:00:00.000Z";"2023-12-15T23:59:59.999Z";"2023-12-15T09:49:00.000Z";"2023-12-15T23:58:00.000Z";"2790";68.8016294396;72.2383340221;66.3396530225;66.3418123742;2566430042.79607;28149693612.248177;"2023-12-15T23:59:59.999Z"
"2023-12-14T00:00:00.000Z";"2023-12-14T23:59:59.999Z";"2023-12-14T23:31:00.000Z";"2023-12-14T02:36:00.000Z";"2790";65.0026792478;69.2748767151;64.0746067841;68.7840268496;2264743534.8838997;29705788836.064865;"2023-12-14T23:59:59.999Z"
"2023-12-13T00:00:00.000Z";"2023-12-13T23:59:59.999Z";"2023-12-13T22:22:00.000Z";"2023-12-13T07:03:00.000Z";"2790";63.4528477809;66.5271613409;59.6935050177;65.020378518;2235646419.8304896;28004735173.303856;"2023-12-13T23:59:59.999Z"
"2023-12-12T00:00:00.000Z";"2023-12-12T23:59:59.999Z";"2023-12-12T02:25:00.000Z";"2023-12-12T18:01:00.000Z";"2790";65.3357701985;67.1785363983;61.1478502126;63.473879963;2197961995.837031;27144772318.255524;"2023-12-12T23:59:59.999Z"
"2023-12-11T00:00:00.000Z";"2023-12-11T23:59:59.999Z";"2023-12-11T00:01:00.000Z";"2023-12-11T14:35:00.000Z";"2790";69.4088411143;69.5239323092;62.5360831363;65.370543406;3464709381.560529;27863966552.981255;"2023-12-11T23:59:59.999Z"
"2023-12-10T00:00:00.000Z";"2023-12-10T23:59:59.999Z";"2023-12-10T23:58:00.000Z";"2023-12-10T10:01:00.000Z";"2790";67.0837525652;69.4145926473;65.8272292115;69.3972115191;1716579065.3684385;29545229236.55774;"2023-12-10T23:59:59.999Z"
"2023-12-09T00:00:00.000Z";"2023-12-09T23:59:59.999Z";"2023-12-09T07:47:00.000Z";"2023-12-09T23:37:00.000Z";"2790";69.6052966056;71.9373785667;66.8672396784;67.0695096644;2685513131.539054;28568783682.36108;"2023-12-09T23:59:59.999Z"
"2023-12-08T00:00:00.000Z";"2023-12-08T23:59:59.999Z";"2023-12-08T23:50:00.000Z";"2023-12-08T00:01:00.000Z";"2790";62.8793880614;69.7354741124;62.874301807;69.6172612168;3348211304.2908597;29609940766.163086;"2023-12-08T23:59:59.999Z"
"2023-12-07T00:00:00.000Z";"2023-12-07T23:59:59.999Z";"2023-12-07T22:25:00.000Z";"2023-12-07T00:05:00.000Z";"2790";57.5253288442;64.1938556987;57.458183092;62.8623294867;2788728312.625409;26844773741.239887;"2023-12-07T23:59:59.999Z"
"2023-12-06T00:00:00.000Z";"2023-12-06T23:59:59.999Z";"2023-12-06T09:05:00.000Z";"2023-12-06T00:00:00.000Z";"2790";56.4983955682;61.5435281035;56.4983955682;57.5033912504;2808243114.120141;24397548109.154404;"2023-12-06T23:59:59.999Z"
"2023-12-05T00:00:00.000Z";"2023-12-05T23:59:59.999Z";"2023-12-05T18:13:00.000Z";"2023-12-05T07:46:00.000Z";"2790";56.7732767855;57.9590734826;54.8233703035;56.5165900104;1562617202.0806353;23889450602.484802;"2023-12-05T23:59:59.999Z"
"2023-12-04T00:00:00.000Z";"2023-12-04T23:59:59.999Z";"2023-12-04T05:47:00.000Z";"2023-12-04T14:10:00.000Z";"2790";57.8870149675;59.908121785;55.5858152878;56.7771898165;2031136245.231768;23975610055.058735;"2023-12-04T23:59:59.999Z"
"2023-12-03T00:00:00.000Z";"2023-12-03T23:59:59.999Z";"2023-12-03T01:09:00.000Z";"2023-12-03T17:32:00.000Z";"2790";58.6226661257;60.0697337777;57.3327888998;57.8863852319;1257381642.4209018;24571158086.23697;"2023-12-03T23:59:59.999Z"
"2023-12-02T00:00:00.000Z";"2023-12-02T23:59:59.999Z";"2023-12-02T23:59:00.000Z";"2023-12-02T00:02:00.000Z";"2790";54.9031867354;58.6336735815;54.8756594546;58.6336735815;1236003624.856081;24859737533.872704;"2023-12-02T23:59:59.999Z"
"2023-12-01T00:00:00.000Z";"2023-12-01T23:59:59.999Z";"2023-12-01T10:04:00.000Z";"2023-12-01T00:50:00.000Z";"2790";54.3880513186;56.6592139449;53.9081418025;54.9034185849;1263954923.060292;23292464087.71763;"2023-12-01T23:59:59.999Z"
"2023-11-30T00:00:00.000Z";"2023-11-30T23:59:59.999Z";"2023-11-30T12:50:00.000Z";"2023-11-30T01:11:00.000Z";"2790";53.9970197731;55.9554046884;53.6809564168;54.3719622449;1151723156.0352066;22887643105.579212;"2023-11-30T23:59:59.999Z"
"2023-11-29T00:00:00.000Z";"2023-11-29T23:59:59.999Z";"2023-11-29T09:07:00.000Z";"2023-11-29T00:16:00.000Z";"2790";52.8830501394;56.1011662271;52.5993601431;53.9938135292;1764216303.8345323;22803725014.410957;"2023-11-29T23:59:59.999Z"
"2023-11-28T00:00:00.000Z";"2023-11-28T23:59:59.999Z";"2023-11-28T20:56:00.000Z";"2023-11-28T06:02:00.000Z";"2790";50.2418948658;53.3545372746;49.3886086802;52.8962957113;1288665922.6126463;22482063560.770287;"2023-11-28T23:59:59.999Z"
"2023-11-27T00:00:00.000Z";"2023-11-27T23:59:59.999Z";"2023-11-27T01:10:00.000Z";"2023-11-27T19:49:00.000Z";"2790";52.6788929463;53.0824573865;49.0405047701;50.2507054317;1131446781.840421;21313079814.618084;"2023-11-27T23:59:59.999Z"
"2023-11-26T00:00:00.000Z";"2023-11-26T23:59:59.999Z";"2023-11-26T00:07:00.000Z";"2023-11-26T16:33:00.000Z";"2790";53.7582321639;53.8610454225;51.6102740435;52.6915368525;795843421.8716377;22297429181.467064;"2023-11-26T23:59:59.999Z"
"2023-11-25T00:00:00.000Z";"2023-11-25T23:59:59.999Z";"2023-11-25T02:34:00.000Z";"2023-11-25T00:08:00.000Z";"2790";51.9501964239;54.497043011;51.4559578483;53.7592113725;1081454344.7958117;22756536343.52264;"2023-11-25T23:59:59.999Z"
"2023-11-24T00:00:00.000Z";"2023-11-24T23:59:59.999Z";"2023-11-24T10:37:00.000Z";"2023-11-24T00:15:00.000Z";"2790";51.8872557456;53.7958824583;51.6799499568;51.9503369427;1051289459.0247946;22073917560.299446;"2023-11-24T23:59:59.999Z"
"2023-11-23T00:00:00.000Z";"2023-11-23T23:59:59.999Z";"2023-11-23T12:16:00.000Z";"2023-11-23T19:31:00.000Z";"2790";52.8825868705;54.6208493105;51.6155277793;51.9002630282;1266834832.6119964;21996363047.447628;"2023-11-23T23:59:59.999Z"
"2023-11-22T00:00:00.000Z";"2023-11-22T23:59:59.999Z";"2023-11-22T21:13:00.000Z";"2023-11-22T00:01:00.000Z";"2790";47.6379001246;54.003932767;47.3954787981;52.8865690119;1819009828.9090328;22321064660.337605;"2023-11-22T23:59:59.999Z"
"2023-11-21T00:00:00.000Z";"2023-11-21T23:59:59.999Z";"2023-11-21T01:49:00.000Z";"2023-11-21T22:58:00.000Z";"2790";51.6553353154;52.3700532897;47.2496031312;47.6274932397;2229999762.3544493;20095256258.420864;"2023-11-21T23:59:59.999Z"
"2023-11-20T00:00:00.000Z";"2023-11-20T23:59:59.999Z";"2023-11-20T00:00:00.000Z";"2023-11-20T23:43:00.000Z";"2790";56.2638228076;56.2638228076;51.4883846796;51.6549643951;1776109686.222391;21923460448.673996;"2023-11-20T23:59:59.999Z"
"2023-11-19T00:00:00.000Z";"2023-11-19T23:59:59.999Z";"2023-11-19T23:19:00.000Z";"2023-11-19T01:35:00.000Z";"2790";53.6076591914;56.8498286962;52.103937439;56.2779399104;1830749331.9312322;23780412847.601074;"2023-11-19T23:59:59.999Z"
"2023-11-18T00:00:00.000Z";"2023-11-18T23:59:59.999Z";"2023-11-18T19:57:00.000Z";"2023-11-18T07:07:00.000Z";"2790";53.4871063088;54.3030413427;50.4365274882;53.5970710455;1779146767.922071;22664594626.036972;"2023-11-18T23:59:59.999Z"
"2023-11-17T00:00:00.000Z";"2023-11-17T23:59:59.999Z";"2023-11-17T02:01:00.000Z";"2023-11-17T15:47:00.000Z";"2790";53.3627679104;55.6574794003;50.1020869128;53.5084127719;2934765818.0714874;22750734802.51327;"2023-11-17T23:59:59.999Z"
"2023-11-16T00:00:00.000Z";"2023-11-16T23:59:59.999Z";"2023-11-16T06:40:00.000Z";"2023-11-16T23:28:00.000Z";"2790";60.3911267166;62.7377198423;52.3375248385;53.312639285;3614476085.1607294;22537435942.323708;"2023-11-16T23:59:59.999Z"
"2023-11-15T00:00:00.000Z";"2023-11-15T23:59:59.999Z";"2023-11-15T20:29:00.000Z";"2023-11-15T03:44:00.000Z";"2790";52.2412485893;61.6550627436;51.7701436013;60.3898210215;3486984882.394006;25443125893.407623;"2023-11-15T23:59:59.999Z"
"2023-11-14T00:00:00.000Z";"2023-11-14T23:59:59.999Z";"2023-11-14T14:23:00.000Z";"2023-11-14T00:01:00.000Z";"2790";48.4954072111;53.3484492997;48.3199754729;52.2363430774;2985859537.260054;22432445904.89703;"2023-11-14T23:59:59.999Z"
"2023-11-13T00:00:00.000Z";"2023-11-13T23:59:59.999Z";"2023-11-13T14:19:00.000Z";"2023-11-13T23:59:00.000Z";"2790";52.5556273457;55.9367702139;48.5097343575;48.5097343575;2752811310.892559;20505367727.535206;"2023-11-13T23:59:59.999Z"
"2023-11-12T00:00:00.000Z";"2023-11-12T23:59:59.999Z";"2023-11-12T07:46:00.000Z";"2023-11-12T00:50:00.000Z";"2790";52.4721114219;57.5962995345;51.3597708435;52.531427531;2792575303.9876585;22160617126.472385;"2023-11-12T23:59:59.999Z"
"2023-11-11T00:00:00.000Z";"2023-11-11T23:59:59.999Z";"2023-11-11T14:35:00.000Z";"2023-11-11T08:24:00.000Z";"2790";52.9478885994;59.2806345805;50.5210341885;52.4446571125;3910225569.577558;22087925347.48589;"2023-11-11T23:59:59.999Z"
"2023-11-10T00:00:00.000Z";"2023-11-10T23:59:59.999Z";"2023-11-10T23:25:00.000Z";"2023-11-10T00:06:00.000Z";"2790";42.5997222433;53.6098258452;42.398074487;52.9505614705;3557795611.4199347;22348984704.32675;"2023-11-10T23:59:59.999Z"
"2023-11-09T00:00:00.000Z";"2023-11-09T23:59:59.999Z";"2023-11-09T14:55:00.000Z";"2023-11-09T01:10:00.000Z";"2790";40.3201655145;45.4605133481;39.808827461;42.6049805384;2643172432.87993;17865105995.895233;"2023-11-09T23:59:59.999Z"
"2023-11-08T00:00:00.000Z";"2023-11-08T23:59:59.999Z";"2023-11-08T08:35:00.000Z";"2023-11-08T01:08:00.000Z";"2790";40.2796458717;41.0208504015;39.6552213749;40.3285579946;943447692.0143915;16994622372.623585;"2023-11-08T23:59:59.999Z"
"2023-11-07T00:00:00.000Z";"2023-11-07T23:59:59.999Z";"2023-11-07T21:01:00.000Z";"2023-11-07T03:02:00.000Z";"2790";39.3150891933;41.5379025707;37.6398037011;40.2850235007;1660937762.0972903;16922715409.534323;"2023-11-07T23:59:59.999Z"
"2023-11-06T00:00:00.000Z";"2023-11-06T23:59:59.999Z";"2023-11-06T23:55:00.000Z";"2023-11-06T05:29:00.000Z";"2790";38.4240320178;39.3219110616;37.1000868065;39.2972119989;941495255.206732;16489869790.57693;"2023-11-06T23:59:59.999Z"
"2023-11-05T00:00:00.000Z";"2023-11-05T23:59:59.999Z";"2023-11-05T02:13:00.000Z";"2023-11-05T21:54:00.000Z";"2790";39.4686724859;39.8693578759;37.6345210749;38.4283557874;824198448.404349;16136354611.119862;"2023-11-05T23:59:59.999Z"
"2023-11-04T00:00:00.000Z";"2023-11-04T23:59:59.999Z";"2023-11-04T23:09:00.000Z";"2023-11-04T00:28:00.000Z";"2790";36.8110996062;39.7684799892;36.4837730192;39.443735627;1354428801.1450014;16565095367.609453;"2023-11-04T23:59:59.999Z"
"2023-11-03T00:00:00.000Z";"2023-11-03T23:59:59.999Z";"2023-11-03T00:01:00.000Z";"2023-11-03T10:41:00.000Z";"2790";37.873953862;37.8897749402;35.9099086408;36.8106822762;1653985219.1991222;15633254947.556715;"2023-11-03T23:59:59.999Z"
"2023-11-02T00:00:00.000Z";"2023-11-02T23:59:59.999Z";"2023-11-02T12:01:00.000Z";"2023-11-02T17:19:00.000Z";"2790";39.1026448039;42.0346159157;36.6998466224;37.8744865002;2441147764.9536486;15935031443.71131;"2023-11-02T23:59:59.999Z"
"2023-11-01T00:00:00.000Z";"2023-11-01T23:59:59.999Z";"2023-11-01T18:40:00.000Z";"2023-11-01T06:31:00.000Z";"2790";36.4067788443;43.867960235;35.9102067729;39.171581778;3432160651.9714894;16439566528.391743;"2023-11-01T23:59:59.999Z"
"2023-10-31T00:00:00.000Z";"2023-10-31T23:59:59.999Z";"2023-10-31T23:58:00.000Z";"2023-10-31T00:23:00.000Z";"2790";32.9376857548;36.440525653;32.8992819297;36.4150799582;1485815379.446659;15216775272.426003;"2023-10-31T23:59:59.999Z"
"2023-10-30T00:00:00.000Z";"2023-10-30T23:59:59.999Z";"2023-10-30T12:28:00.000Z";"2023-10-30T06:13:00.000Z";"2790";31.0726669675;33.3167132974;30.6704612629;32.9400466131;1041401415.8337808;13879452717.246641;"2023-10-30T23:59:59.999Z"
"2023-10-29T00:00:00.000Z";"2023-10-29T23:59:59.999Z";"2023-10-29T17:39:00.000Z";"2023-10-29T01:25:00.000Z";"2790";29.9444704294;31.3177876948;29.7383264945;31.0729342252;480283326.8335424;13019892725.492683;"2023-10-29T23:59:59.999Z"
"2023-10-28T00:00:00.000Z";"2023-10-28T23:59:59.999Z";"2023-10-28T11:36:00.000Z";"2023-10-28T23:10:00.000Z";"2790";30.0275525782;30.725497614;29.8065483122;29.9456212344;359936144.53061056;12552368683.043621;"2023-10-28T23:59:59.999Z"
"2023-10-27T00:00:00.000Z";"2023-10-27T23:59:59.999Z";"2023-10-27T12:52:00.000Z";"2023-10-27T18:31:00.000Z";"2790";31.0268959809;31.5378078689;29.8456690484;30.0273414892;824330427.343861;12593274744.894167;"2023-10-27T23:59:59.999Z"
"2023-10-26T00:00:00.000Z";"2023-10-26T23:59:59.999Z";"2023-10-26T07:19:00.000Z";"2023-10-26T16:52:00.000Z";"2790";30.7261198068;31.5134328576;29.2444946784;31.0269222545;961312228.8467752;12968134528.021852;"2023-10-26T23:59:59.999Z"
"2023-10-25T00:00:00.000Z";"2023-10-25T23:59:59.999Z";"2023-10-25T12:40:00.000Z";"2023-10-25T00:16:00.000Z";"2790";28.4572654404;31.7985522427;28.3705979257;30.7290212205;1376753171.4711378;12805340970.625856;"2023-10-25T23:59:59.999Z"
"2023-10-24T00:00:00.000Z";"2023-10-24T23:59:59.999Z";"2023-10-24T02:52:00.000Z";"2023-10-24T21:11:00.000Z";"2790";29.8523330137;30.2864751728;28.0432316521;28.4587078728;1359410760.5437787;11809109883.417643;"2023-10-24T23:59:59.999Z"
"2023-10-23T00:00:00.000Z";"2023-10-23T23:59:59.999Z";"2023-10-23T23:02:00.000Z";"2023-10-23T15:34:00.000Z";"2790";27.6344810027;30.4319080701;27.1684161439;29.8576853185;1493613389.4373255;12538428003.774227;"2023-10-23T23:59:59.999Z"
"2023-10-22T00:00:00.000Z";"2023-10-22T23:59:59.999Z";"2023-10-22T05:29:00.000Z";"2023-10-22T11:38:00.000Z";"2790";27.7254885542;28.2746005034;26.6030373345;27.4170168822;627782428.5571351;11417164528.373976;"2023-10-22T23:59:59.999Z"
"2023-10-21T00:00:00.000Z";"2023-10-21T23:59:59.999Z";"2023-10-21T22:06:00.000Z";"2023-10-21T05:07:00.000Z";"2790";25.5083843969;28.4409075055;25.2046864027;27.7273768338;1095286458.162795;11554632747.485289;"2023-10-21T23:59:59.999Z"
"2023-10-20T00:00:00.000Z";"2023-10-20T23:59:59.999Z";"2023-10-20T23:04:00.000Z";"2023-10-20T01:16:00.000Z";"2790";23.5598694109;25.7741717108;23.4315547977;25.5076236431;860663724.4821414;10640011483.585741;"2023-10-20T23:59:59.999Z"
"2023-10-19T00:00:00.000Z";"2023-10-19T23:59:59.999Z";"2023-10-19T16:28:00.000Z";"2023-10-19T01:47:00.000Z";"2790";22.2380429892;23.9426864785;22.0753669358;23.5627436194;629414213.3396226;9859135827.74545;"2023-10-19T23:59:59.999Z"
"2023-10-18T00:00:00.000Z";"2023-10-18T23:59:59.999Z";"2023-10-18T05:46:00.000Z";"2023-10-18T23:52:00.000Z";"2790";22.6608746408;22.9711214719;22.2291689772;22.236771016;342956989.8765173;9230066560.0423;"2023-10-18T23:59:59.999Z"
"2023-10-17T00:00:00.000Z";"2023-10-17T23:59:59.999Z";"2023-10-17T08:53:00.000Z";"2023-10-17T13:52:00.000Z";"2790";22.7205664555;23.241169889;22.4146928395;22.6610580147;493443826.0949352;9450217792.197535;"2023-10-17T23:59:59.999Z"
"2023-10-16T00:00:00.000Z";"2023-10-16T23:59:59.999Z";"2023-10-16T13:33:00.000Z";"2023-10-16T00:00:00.000Z";"2790";20.8350511157;23.1596141412;20.8350511157;22.7252903887;690662896.3598552;9488876478.201172;"2023-10-16T23:59:59.999Z"
"2023-10-15T00:00:00.000Z";"2023-10-15T23:59:59.999Z";"2023-10-15T01:50:00.000Z";"2023-10-15T15:13:00.000Z";"2790";20.9374993244;21.0566712503;20.6529309483;20.8333574439;170217443.27570462;8680349347.400671;"2023-10-15T23:59:59.999Z"
"2023-10-14T00:00:00.000Z";"2023-10-14T23:59:59.999Z";"2023-10-14T09:22:00.000Z";"2023-10-14T00:04:00.000Z";"2790";20.7699086573;21.1146963133;20.7580720225;20.9386253926;165521695.6288693;8713103646.381731;"2023-10-14T23:59:59.999Z"
"2023-10-13T00:00:00.000Z";"2023-10-13T23:59:59.999Z";"2023-10-13T21:05:00.000Z";"2023-10-13T04:07:00.000Z";"2790";20.2138711413;21.0838287787;20.0386006676;20.7704437713;255538790.0660552;8622686476.793724;"2023-10-13T23:59:59.999Z"
"2023-10-12T00:00:00.000Z";"2023-10-12T23:59:59.999Z";"2023-10-12T00:10:00.000Z";"2023-10-12T17:19:00.000Z";"2790";20.7160846827;20.7225558444;19.9897131417;20.2156371798;266695702.0884659;8340868951.259059;"2023-10-12T23:59:59.999Z"
"2023-10-11T00:00:00.000Z";"2023-10-11T23:59:59.999Z";"2023-10-11T09:58:00.000Z";"2023-10-11T18:14:00.000Z";"2790";20.8451611252;21.1055695098;20.4680582658;20.7148128944;263026076.61140868;8626496988.280146;"2023-10-11T23:59:59.999Z"
"2023-10-10T00:00:00.000Z";"2023-10-10T23:59:59.999Z";"2023-10-10T14:16:00.000Z";"2023-10-10T17:58:00.000Z";"2790";20.9065833312;21.1804439087;20.5087075319;20.8430673546;227887624.40675688;8658385243.339853;"2023-10-10T23:59:59.999Z"
"2023-10-09T00:00:00.000Z";"2023-10-09T23:59:59.999Z";"2023-10-09T05:15:00.000Z";"2023-10-09T16:47:00.000Z";"2790";21.9935895077;22.1291094923;20.7014933266;20.9096252871;337751455.4966717;8671727620.031368;"2023-10-09T23:59:59.999Z"
"2023-10-08T00:00:00.000Z";"2023-10-08T23:59:59.999Z";"2023-10-08T03:24:00.000Z";"2023-10-08T13:16:00.000Z";"2790";21.9839681553;22.2901586255;21.8310260266;22.0028583763;179983337.07819116;9089807339.349611;"2023-10-08T23:59:59.999Z"
"2023-10-07T00:00:00.000Z";"2023-10-07T23:59:59.999Z";"2023-10-07T04:16:00.000Z";"2023-10-07T19:55:00.000Z";"2790";22.1110371362;22.7508213013;21.8214015009;21.9820486526;262798992.32054952;9105813308.114937;"2023-10-07T23:59:59.999Z"
"2023-10-06T00:00:00.000Z";"2023-10-06T23:59:59.999Z";"2023-10-06T18:04:00.000Z";"2023-10-06T00:00:00.000Z";"2790";21.515578223;22.393512392;21.515578223;22.111513677;381787299.20101047;9188863020.276218;"2023-10-06T23:59:59.999Z"
"2023-10-05T00:00:00.000Z";"2023-10-05T23:59:59.999Z";"2023-10-05T00:55:00.000Z";"2023-10-05T19:07:00.000Z";"2790";22.0302633093;22.554628358;21.4478979773;21.5155208591;343864906.7398055;8932961665.858366;"2023-10-05T23:59:59.999Z"
"2023-10-04T00:00:00.000Z";"2023-10-04T23:59:59.999Z";"2023-10-04T10:02:00.000Z";"2023-10-04T16:04:00.000Z";"2790";22.5023191604;22.615925746;21.5742663014;22.027889387;410051365.66966724;9140551665.859175;"2023-10-04T23:59:59.999Z"
"2023-10-03T00:00:00.000Z";"2023-10-03T23:59:59.999Z";"2023-10-03T13:25:00.000Z";"2023-10-03T22:50:00.000Z";"2790";22.2940156303;23.5551898573;22.2570256737;22.4978157563;623406418.5390532;9289449643.558273;"2023-10-03T23:59:59.999Z"
"2023-10-02T00:00:00.000Z";"2023-10-02T23:59:59.999Z";"2023-10-02T06:40:00.000Z";"2023-10-02T22:11:00.000Z";"2790";22.5680115346;23.2727967415;21.928545402;22.3002487249;623025259.2461784;9140879696.227983;"2023-10-02T23:59:59.999Z"
"2023-10-01T00:00:00.000Z";"2023-10-01T23:59:59.999Z";"2023-10-01T23:04:00.000Z";"2023-10-01T03:26:00.000Z";"2790";20.2187047811;23.1032739727;20.0088933623;22.566525945;602176908.824776;9304181827.620935;"2023-10-01T23:59:59.999Z"
"2023-09-30T00:00:00.000Z";"2023-09-30T23:59:59.999Z";"2023-09-30T16:11:00.000Z";"2023-09-30T05:40:00.000Z";"2790";19.1861564881;20.5380821179;19.0208399181;20.2216229015;310942964.6663923;8351013263.676001;"2023-09-30T23:59:59.999Z"
"2023-09-29T00:00:00.000Z";"2023-09-29T23:59:59.999Z";"2023-09-29T14:50:00.000Z";"2023-09-29T00:49:00.000Z";"2790";18.8959349567;19.2929554238;18.8172458319;19.1871638071;207870126.46791077;7934366740.918428;"2023-09-29T23:59:59.999Z"
"2023-09-28T00:00:00.000Z";"2023-09-28T23:59:59.999Z";"2023-09-28T23:18:00.000Z";"2023-09-28T00:08:00.000Z";"2790";18.2092704772;18.8943147642;18.1861905932;18.8943147642;215085601.3483227;7843040155.565501;"2023-09-28T23:59:59.999Z"
"2023-09-27T00:00:00.000Z";"2023-09-27T23:59:59.999Z";"2023-09-27T11:55:00.000Z";"2023-09-27T18:10:00.000Z";"2790";17.9973920967;18.4480039804;17.8904014669;18.2130057781;199047483.84982803;7469741188.449105;"2023-09-27T23:59:59.999Z"
"2023-09-26T00:00:00.000Z";"2023-09-26T23:59:59.999Z";"2023-09-26T03:08:00.000Z";"2023-09-26T23:05:00.000Z";"2790";18.3152214298;18.4358079642;17.9156561676;17.9984822133;160662067.3728942;7414044993.967623;"2023-09-26T23:59:59.999Z"
"2023-09-25T00:00:00.000Z";"2023-09-25T23:59:59.999Z";"2023-09-25T16:22:00.000Z";"2023-09-25T00:43:00.000Z";"2790";18.1943958977;18.5966981138;18.0418834936;18.3170229562;153871231.58375758;7521300292.402171;"2023-09-25T23:59:59.999Z"
"2023-09-24T00:00:00.000Z";"2023-09-24T23:59:59.999Z";"2023-09-24T08:19:00.000Z";"2023-09-24T23:37:00.000Z";"2790";18.2616448576;18.4188481441;18.1276979646;18.1955192884;108198175.09215024;7498896975.178581;"2023-09-24T23:59:59.999Z"
"2023-09-23T00:00:00.000Z";"2023-09-23T23:59:59.999Z";"2023-09-23T00:16:00.000Z";"2023-09-23T16:07:00.000Z";"2790";18.2284636737;18.3406648417;18.1114685044;18.2616532012;91317206.9132402;7534962894.727499;"2023-09-23T23:59:59.999Z"
"2023-09-22T00:00:00.000Z";"2023-09-22T23:59:59.999Z";"2023-09-22T08:16:00.000Z";"2023-09-22T21:11:00.000Z";"2790";18.2718838486;18.5777200582;18.0247703988;18.2281200982;160291240.42182586;7523678899.869829;"2023-09-22T23:59:59.999Z"
"2023-09-21T00:00:00.000Z";"2023-09-21T23:59:59.999Z";"2023-09-21T00:00:00.000Z";"2023-09-21T13:48:00.000Z";"2790";19.0648418376;19.0648418376;18.1836011887;18.2718546395;238310044.24528152;7544104673.339509;"2023-09-21T23:59:59.999Z"
"2023-09-20T00:00:00.000Z";"2023-09-20T23:59:59.999Z";"2023-09-20T18:34:00.000Z";"2023-09-20T06:52:00.000Z";"2790";18.7580145571;19.1500860483;18.5679693337;19.0643673871;218328041.86367378;7820841472.381659;"2023-09-20T23:59:59.999Z"
"2023-09-19T00:00:00.000Z";"2023-09-19T23:59:59.999Z";"2023-09-19T09:37:00.000Z";"2023-09-19T00:32:00.000Z";"2790";18.3839847513;19.0486548452;18.3372441137;18.7577197759;237452239.70074913;7708187524.009383;"2023-09-19T23:59:59.999Z"
"2023-09-18T00:00:00.000Z";"2023-09-18T23:59:59.999Z";"2023-09-18T15:49:00.000Z";"2023-09-18T00:42:00.000Z";"2790";17.6530598419;18.7977556615;17.4783321321;18.3836330408;296441205.1876649;7579759517.303731;"2023-09-18T23:59:59.999Z"
"2023-09-17T00:00:00.000Z";"2023-09-17T23:59:59.999Z";"2023-09-17T00:00:00.000Z";"2023-09-17T20:58:00.000Z";"2790";17.9370239332;17.9370239332;17.551053524;17.6537483141;105518892.8433929;7260417131.855422;"2023-09-17T23:59:59.999Z"
"2023-09-16T00:00:00.000Z";"2023-09-16T23:59:59.999Z";"2023-09-16T02:24:00.000Z";"2023-09-16T13:47:00.000Z";"2790";17.9648293477;18.1966032534;17.7285883966;17.937530621;137272729.16482;7376957426.928021;"2023-09-16T23:59:59.999Z"
"2023-09-15T00:00:00.000Z";"2023-09-15T23:59:59.999Z";"2023-09-15T23:07:00.000Z";"2023-09-15T18:55:00.000Z";"2790";17.7118243892;18.1870142916;17.4351826443;17.9642167191;192922772.28044397;7409378888.409268;"2023-09-15T23:59:59.999Z"
"2023-09-14T00:00:00.000Z";"2023-09-14T23:59:59.999Z";"2023-09-14T01:01:00.000Z";"2023-09-14T00:00:00.000Z";"2790";17.1440931916;17.9379013546;17.1440931916;17.7125857111;325474182.95270437;7213101652.470442;"2023-09-14T23:59:59.999Z"
"2023-09-13T00:00:00.000Z";"2023-09-13T23:59:59.999Z";"2023-09-13T15:34:00.000Z";"2023-09-13T05:47:00.000Z";"2790";16.6712281019;17.2266472279;16.5067417851;17.1438669242;331669601.67174613;7032657065.37774;"2023-09-13T23:59:59.999Z"
"2023-09-12T00:00:00.000Z";"2023-09-12T23:59:59.999Z";"2023-09-12T10:26:00.000Z";"2023-09-12T02:02:00.000Z";"2790";16.5034234655;17.4029235343;16.3952131187;16.6684455769;336219137.092764;6854350535.559214;"2023-09-12T23:59:59.999Z"
"2023-09-11T00:00:00.000Z";"2023-09-11T23:59:59.999Z";"2023-09-11T03:19:00.000Z";"2023-09-11T14:13:00.000Z";"2790";17.0235584699;17.1685555694;16.2536664784;16.5037569246;354737576.27406245;6800519013.917268;"2023-09-11T23:59:59.999Z"
"2023-09-10T00:00:00.000Z";"2023-09-10T23:59:59.999Z";"2023-09-10T00:00:00.000Z";"2023-09-10T17:27:00.000Z";"2790";18.1617669518;18.1617669518;16.6810865783;17.0246451089;486292078.3291043;6998236097.6108055;"2023-09-10T23:59:59.999Z"
"2023-09-09T00:00:00.000Z";"2023-09-09T23:59:59.999Z";"2023-09-09T00:01:00.000Z";"2023-09-09T18:34:00.000Z";"2790";18.3054253979;18.3081168472;18.1229412367;18.1616579409;95193276.54916535;7457383372.333111;"2023-09-09T23:59:59.999Z"
"2023-09-08T00:00:00.000Z";"2023-09-08T23:59:59.999Z";"2023-09-08T00:59:00.000Z";"2023-09-08T16:43:00.000Z";"2790";18.5986041783;18.8714715303;18.146237484;18.3045272706;204849266.7966604;7505178583.723552;"2023-09-08T23:59:59.999Z"
"2023-09-07T00:00:00.000Z";"2023-09-07T23:59:59.999Z";"2023-09-07T22:55:00.000Z";"2023-09-07T14:07:00.000Z";"2790";18.2966776736;18.6703407507;18.1153308361;18.5955281597;226073912.2883762;7597293503.43113;"2023-09-07T23:59:59.999Z"
"2023-09-06T00:00:00.000Z";"2023-09-06T23:59:59.999Z";"2023-09-06T00:11:00.000Z";"2023-09-06T17:07:00.000Z";"2790";18.902300913;18.9754728549;17.9233871369;18.2965204942;292436742.5653167;7483645958.4953375;"2023-09-06T23:59:59.999Z"
"2023-09-05T00:00:00.000Z";"2023-09-05T23:59:59.999Z";"2023-09-05T15:52:00.000Z";"2023-09-05T03:16:00.000Z";"2790";18.0680610319;19.1621545921;17.7020493421;18.9001467972;358873215.90579647;7679080754.204119;"2023-09-05T23:59:59.999Z"
"2023-09-04T00:00:00.000Z";"2023-09-04T23:59:59.999Z";"2023-09-04T03:13:00.000Z";"2023-09-04T22:02:00.000Z";"2790";18.1470235845;18.4992514391;17.8249295543;18.066142739;203944135.4249099;7389336720.387575;"2023-09-04T23:59:59.999Z"
"2023-09-03T00:00:00.000Z";"2023-09-03T23:59:59.999Z";"2023-09-03T01:19:00.000Z";"2023-09-03T16:55:00.000Z";"2790";18.0711526433;18.2222757234;17.8579025307;18.1478530893;152556532.76724905;7417712133.717545;"2023-09-03T23:59:59.999Z"
"2023-09-02T00:00:00.000Z";"2023-09-02T23:59:59.999Z";"2023-09-02T15:35:00.000Z";"2023-09-02T18:23:00.000Z";"2790";17.9175225583;18.230441057;17.7881056068;18.0706816569;186195804.33562118;7385526361.86506;"2023-09-02T23:59:59.999Z"
"2023-09-01T00:00:00.000Z";"2023-09-01T23:59:59.999Z";"2023-09-01T12:25:00.000Z";"2023-09-01T17:43:00.000Z";"2790";18.2014840556;18.3679579519;17.6974214041;17.9168923054;264556963.512872;7283235431.968104;"2023-09-01T23:59:59.999Z"
"2023-08-31T00:00:00.000Z";"2023-08-31T23:59:59.999Z";"2023-08-31T11:49:00.000Z";"2023-08-31T21:10:00.000Z";"2790";19.0628984347;19.3402704664;18.0287900905;18.1994258277;314438038.7314316;7372187025.883171;"2023-08-31T23:59:59.999Z"
"2023-08-30T00:00:00.000Z";"2023-08-30T23:59:59.999Z";"2023-08-30T00:23:00.000Z";"2023-08-30T16:53:00.000Z";"2790";20.0399875901;20.1790399103;18.8959160164;19.0634158763;268943674.18251675;7823294350.946571;"2023-08-30T23:59:59.999Z"
"2023-08-29T00:00:00.000Z";"2023-08-29T23:59:59.999Z";"2023-08-29T14:46:00.000Z";"2023-08-29T12:22:00.000Z";"2790";18.9889736274;20.2911624424;18.5834933499;20.0349255238;433856611.53677756;8211800409.894455;"2023-08-29T23:59:59.999Z"
"2023-08-28T00:00:00.000Z";"2023-08-28T23:59:59.999Z";"2023-08-28T00:00:00.000Z";"2023-08-28T09:52:00.000Z";"2790";19.2528036992;19.2528036992;18.664023737;18.98988935;185794948.48863617;7768679428.133601;"2023-08-28T23:59:59.999Z"
"2023-08-27T00:00:00.000Z";"2023-08-27T23:59:59.999Z";"2023-08-27T14:40:00.000Z";"2023-08-27T03:09:00.000Z";"2790";18.787149276;19.3331662707;18.7699285693;19.2547866785;164424606.4196047;7856875774.96548;"2023-08-27T23:59:59.999Z"
"2023-08-26T00:00:00.000Z";"2023-08-26T23:59:59.999Z";"2023-08-26T00:01:00.000Z";"2023-08-26T13:28:00.000Z";"2790";18.8911550251;18.901161563;18.7286728542;18.7868924937;133455581.01229827;7663028246.6708145;"2023-08-26T23:59:59.999Z"
"2023-08-25T00:00:00.000Z";"2023-08-25T23:59:59.999Z";"2023-08-25T00:01:00.000Z";"2023-08-25T18:29:00.000Z";"2790";19.4760508945;19.4894930934;18.6480871895;18.890918004;257684738.56129476;7701544573.775415;"2023-08-25T23:59:59.999Z"
"2023-08-24T00:00:00.000Z";"2023-08-24T23:59:59.999Z";"2023-08-24T05:14:00.000Z";"2023-08-24T20:58:00.000Z";"2790";19.9825053531;20.2267516917;19.1987810072;19.4776385507;302363949.78668416;7898099684.907548;"2023-08-24T23:59:59.999Z"
"2023-08-23T00:00:00.000Z";"2023-08-23T23:59:59.999Z";"2023-08-23T20:28:00.000Z";"2023-08-23T13:17:00.000Z";"2790";18.9429911933;20.0197860794;18.9076470588;19.9785327222;373088195.7869134;8159093541.604409;"2023-08-23T23:59:59.999Z"
"2023-08-22T00:00:00.000Z";"2023-08-22T23:59:59.999Z";"2023-08-22T00:43:00.000Z";"2023-08-22T21:29:00.000Z";"2790";19.4598795017;19.5054858092;18.1969096473;18.9406039955;350156254.11098844;7688066974.096081;"2023-08-22T23:59:59.999Z"
"2023-08-21T00:00:00.000Z";"2023-08-21T23:59:59.999Z";"2023-08-21T00:01:00.000Z";"2023-08-21T15:31:00.000Z";"2790";20.0228882013;20.0267165863;18.999146734;19.4554819009;311863238.86803234;7950398456.920894;"2023-08-21T23:59:59.999Z"
"2023-08-20T00:00:00.000Z";"2023-08-20T23:59:59.999Z";"2023-08-20T11:23:00.000Z";"2023-08-20T06:37:00.000Z";"2790";20.0925261214;20.207270388;19.8632620432;20.0237923341;182609994.20654517;8150751368.45858;"2023-08-20T23:59:59.999Z"
"2023-08-19T00:00:00.000Z";"2023-08-19T23:59:59.999Z";"2023-08-19T17:01:00.000Z";"2023-08-19T00:04:00.000Z";"2790";19.592924616;20.3386665904;19.5748180148;20.09186956;224114079.44441542;8185515758.909712;"2023-08-19T23:59:59.999Z"
"2023-08-18T00:00:00.000Z";"2023-08-18T23:59:59.999Z";"2023-08-18T06:40:00.000Z";"2023-08-18T17:11:00.000Z";"2790";19.9655326072;20.3710716222;19.3884439784;19.5927242925;378189843.3260236;7992019060.385187;"2023-08-18T23:59:59.999Z"
"2023-08-17T00:00:00.000Z";"2023-08-17T23:59:59.999Z";"2023-08-17T03:40:00.000Z";"2023-08-17T21:46:00.000Z";"2790";20.974164126;21.5155701208;18.6755580387;19.9645796558;570920894.7026407;8128981394.9692545;"2023-08-17T23:59:59.999Z"
"2023-08-16T00:00:00.000Z";"2023-08-16T23:59:59.999Z";"2023-08-16T00:24:00.000Z";"2023-08-16T21:16:00.000Z";"2790";21.9187263747;22.0031548386;20.6739079702;20.9736267633;404599224.9156231;8520501848.783685;"2023-08-16T23:59:59.999Z"
"2023-08-15T00:00:00.000Z";"2023-08-15T23:59:59.999Z";"2023-08-15T01:06:00.000Z";"2023-08-15T23:32:00.000Z";"2790";23.0550018386;23.1411604872;21.7932931223;21.9156308015;388901516.6616211;8897026571.757042;"2023-08-15T23:59:59.999Z"
"2023-08-14T00:00:00.000Z";"2023-08-14T23:59:59.999Z";"2023-08-14T16:28:00.000Z";"2023-08-14T02:22:00.000Z";"2790";22.1516168515;23.0878833929;22.0360353059;23.0514933867;328691470.2958811;9329900511.413479;"2023-08-14T23:59:59.999Z"
"2023-08-13T00:00:00.000Z";"2023-08-13T23:59:59.999Z";"2023-08-13T00:04:00.000Z";"2023-08-13T23:53:00.000Z";"2790";22.7309918647;22.7382424682;22.1448742705;22.1520575452;240450774.33921406;8985591213.297068;"2023-08-13T23:59:59.999Z"
"2023-08-12T00:00:00.000Z";"2023-08-12T23:59:59.999Z";"2023-08-12T22:22:00.000Z";"2023-08-12T03:39:00.000Z";"2790";22.4392248485;22.9196780965;22.2751783112;22.732372718;231268673.4719581;9228685084.638521;"2023-08-12T23:59:59.999Z"
"2023-08-11T00:00:00.000Z";"2023-08-11T23:59:59.999Z";"2023-08-11T02:44:00.000Z";"2023-08-11T19:22:00.000Z";"2790";22.4077298192;22.6296245361;22.2531670709;22.4367762335;285935395.1880656;9086810010.259216;"2023-08-11T23:59:59.999Z"
"2023-08-10T00:00:00.000Z";"2023-08-10T23:59:59.999Z";"2023-08-10T14:04:00.000Z";"2023-08-10T05:19:00.000Z";"2790";22.2079250854;22.4916468439;21.9945916063;22.405041034;309380343.63368374;9096140489.011824;"2023-08-10T23:59:59.999Z"
"2023-08-09T00:00:00.000Z";"2023-08-09T23:59:59.999Z";"2023-08-09T13:03:00.000Z";"2023-08-09T21:16:00.000Z";"2790";22.0917669866;22.7267780149;22.0451095414;22.2094474429;407880977.26242054;9026498552.852673;"2023-08-09T23:59:59.999Z"
"2023-08-08T00:00:00.000Z";"2023-08-08T23:59:59.999Z";"2023-08-08T19:16:00.000Z";"2023-08-08T02:03:00.000Z";"2790";20.9653362741;22.5651935224;20.9653362741;22.0933558904;450446534.5411825;8927909516.071522;"2023-08-08T23:59:59.999Z"
"2023-08-07T00:00:00.000Z";"2023-08-07T23:59:59.999Z";"2023-08-07T01:52:00.000Z";"2023-08-07T16:44:00.000Z";"2790";21.0732380052;21.3726008691;20.4493469497;20.9632475429;321573700.81774503;8507401049.64145;"2023-08-07T23:59:59.999Z"
"2023-08-06T00:00:00.000Z";"2023-08-06T23:59:59.999Z";"2023-08-06T08:28:00.000Z";"2023-08-06T00:11:00.000Z";"2790";20.5266576174;21.2373022171;20.4940564897;21.0739658239;290764736.70576185;8518421547.869257;"2023-08-06T23:59:59.999Z"
"2023-08-05T00:00:00.000Z";"2023-08-05T23:59:59.999Z";"2023-08-05T11:16:00.000Z";"2023-08-05T16:37:00.000Z";"2790";20.6727258058;20.7651685083;20.250443615;20.5263456767;227294635.03769708;8315089580.588038;"2023-08-05T23:59:59.999Z"
"2023-08-04T00:00:00.000Z";"2023-08-04T23:59:59.999Z";"2023-08-04T13:52:00.000Z";"2023-08-04T02:26:00.000Z";"2790";20.6667472649;21.3336905133;20.5558521618;20.6727421909;349042404.49960774;8428783602.718881;"2023-08-04T23:59:59.999Z"
"2023-08-03T00:00:00.000Z";"2023-08-03T23:59:59.999Z";"2023-08-03T02:04:00.000Z";"2023-08-03T22:32:00.000Z";"2790";21.1474891951;21.3376273973;20.5842734001;20.6689533718;334399308.96511376;8369244107.113914;"2023-08-03T23:59:59.999Z"
"2023-08-02T00:00:00.000Z";"2023-08-02T23:59:59.999Z";"2023-08-02T01:34:00.000Z";"2023-08-02T17:01:00.000Z";"2790";21.7910779527;22.0221812102;20.9929543658;21.1491940413;357094091.8099973;8503519002.637521;"2023-08-02T23:59:59.999Z"
"2023-08-01T00:00:00.000Z";"2023-08-01T23:59:59.999Z";"2023-08-01T23:59:00.000Z";"2023-08-01T15:31:00.000Z";"2790";21.5713364037;21.7902914509;21.05706195;21.7902914509;389380676.86173177;8826540419.895334;"2023-08-01T23:59:59.999Z"
"2023-07-31T00:00:00.000Z";"2023-07-31T23:59:59.999Z";"2023-07-31T03:02:00.000Z";"2023-07-31T20:08:00.000Z";"2790";22.0056582069;22.4686622783;21.5171045478;21.5694184119;341894775.8711654;8702899915.45488;"2023-07-31T23:59:59.999Z"
"2023-07-30T00:00:00.000Z";"2023-07-30T23:59:59.999Z";"2023-07-30T01:04:00.000Z";"2023-07-30T20:04:00.000Z";"2790";22.8160362201;22.8377190321;21.630955604;22.0041373026;331110203.7897492;8893225285.464325;"2023-07-30T23:59:59.999Z"
"2023-07-29T00:00:00.000Z";"2023-07-29T23:59:59.999Z";"2023-07-29T20:28:00.000Z";"2023-07-29T00:04:00.000Z";"2790";22.5210258662;22.9952263967;22.463409725;22.8156750341;240278018.26615945;9226072123.418758;"2023-07-29T23:59:59.999Z"
"2023-07-28T00:00:00.000Z";"2023-07-28T23:59:59.999Z";"2023-07-28T15:31:00.000Z";"2023-07-28T08:12:00.000Z";"2790";22.8575383072;23.1019935452;22.4440112472;22.5236758687;340645058.11799973;9147322552.33194;"2023-07-28T23:59:59.999Z"
"2023-07-27T00:00:00.000Z";"2023-07-27T23:59:59.999Z";"2023-07-27T14:34:00.000Z";"2023-07-27T02:47:00.000Z";"2790";22.7269675176;23.2556884226;22.2559821797;22.8574892858;464152481.6586395;9158556548.895842;"2023-07-27T23:59:59.999Z"
"2023-07-26T00:00:00.000Z";"2023-07-26T23:59:59.999Z";"2023-07-26T18:47:00.000Z";"2023-07-26T00:28:00.000Z";"2790";21.0671193098;23.0105828861;21.0088222272;22.7252110377;622741690.4238119;9207583151.060816;"2023-07-26T23:59:59.999Z"
"2023-07-25T00:00:00.000Z";"2023-07-25T23:59:59.999Z";"2023-07-25T14:17:00.000Z";"2023-07-25T13:16:00.000Z";"2790";21.1372886481;21.3253422052;20.7018742486;21.0683681012;313437587.663008;8506968529.789003;"2023-07-25T23:59:59.999Z"
"2023-07-24T00:00:00.000Z";"2023-07-24T23:59:59.999Z";"2023-07-24T00:46:00.000Z";"2023-07-24T15:13:00.000Z";"2790";22.2601422063;22.289853413;20.8266396956;21.1361890726;442537094.8926106;8493243535.937175;"2023-07-24T23:59:59.999Z"
"2023-07-23T00:00:00.000Z";"2023-07-23T23:59:59.999Z";"2023-07-23T19:01:00.000Z";"2023-07-23T00:54:00.000Z";"2790";22.0449046421;22.6567992626;21.791773616;22.2589284508;297202110.3506892;8994231511.076714;"2023-07-23T23:59:59.999Z"
"2023-07-22T00:00:00.000Z";"2023-07-22T23:59:59.999Z";"2023-07-22T03:25:00.000Z";"2023-07-22T23:33:00.000Z";"2790";22.9441594655;23.3104534996;21.8416518708;22.0470515735;301301799.17391974;8901084473.637674;"2023-07-22T23:59:59.999Z"
"2023-07-21T00:00:00.000Z";"2023-07-21T23:59:59.999Z";"2023-07-21T18:40:00.000Z";"2023-07-21T00:40:00.000Z";"2790";22.789809663;23.3251314356;22.5878761108;22.9451375404;369036923.3558283;9265264776.773228;"2023-07-21T23:59:59.999Z"
"2023-07-20T00:00:00.000Z";"2023-07-20T23:59:59.999Z";"2023-07-20T06:31:00.000Z";"2023-07-20T20:25:00.000Z";"2790";23.5330079155;23.9942055705;22.6150313026;22.7835250884;541058106.9755033;9123475789.988846;"2023-07-20T23:59:59.999Z"
"2023-07-19T00:00:00.000Z";"2023-07-19T23:59:59.999Z";"2023-07-19T20:52:00.000Z";"2023-07-19T00:17:00.000Z";"2790";22.7555391621;24.0335632802;22.6338957283;23.5368500602;537199161.1291751;9459780467.711456;"2023-07-19T23:59:59.999Z"
"2023-07-18T00:00:00.000Z";"2023-07-18T23:59:59.999Z";"2023-07-18T00:32:00.000Z";"2023-07-18T12:34:00.000Z";"2790";23.9122608948;24.0597909807;22.0842139297;22.75205651;620106350.1321678;9156269104.746922;"2023-07-18T23:59:59.999Z"
"2023-07-17T00:00:00.000Z";"2023-07-17T23:59:59.999Z";"2023-07-17T05:22:00.000Z";"2023-07-17T18:52:00.000Z";"2790";24.3907244369;25.278288415;23.0368156569;23.9105272836;864640269.3965266;9636615065.549587;"2023-07-17T23:59:59.999Z"
"2023-07-16T00:00:00.000Z";"2023-07-16T23:59:59.999Z";"2023-07-16T14:19:00.000Z";"2023-07-16T02:25:00.000Z";"2790";24.3808408479;25.4092413911;23.9377966533;24.3886746571;670187576.3155091;9813658936.273314;"2023-07-16T23:59:59.999Z"
"2023-07-15T00:00:00.000Z";"2023-07-15T23:59:59.999Z";"2023-07-15T11:04:00.000Z";"2023-07-15T00:04:00.000Z";"2790";23.7728034924;25.85983272;23.7370786743;24.3771288401;1176925004.4203331;9806755617.237997;"2023-07-15T23:59:59.999Z"
"2023-07-14T00:00:00.000Z";"2023-07-14T23:59:59.999Z";"2023-07-14T00:53:00.000Z";"2023-07-14T20:36:00.000Z";"2790";23.1836113117;26.7947516562;22.6560790785;23.7787470176;1945950718.2510116;9597377266.9463;"2023-07-14T23:59:59.999Z"
"2023-07-13T00:00:00.000Z";"2023-07-13T23:59:59.999Z";"2023-07-13T18:13:00.000Z";"2023-07-13T04:19:00.000Z";"2790";19.7296021621;23.7386118663;19.2870923967;23.1865009143;1371650344.7820196;9409839331.201544;"2023-07-13T23:59:59.999Z"
"2023-07-12T00:00:00.000Z";"2023-07-12T23:59:59.999Z";"2023-07-12T15:13:00.000Z";"2023-07-12T20:04:00.000Z";"2790";20.0592370225;20.4277789401;19.5987606606;19.7293370166;491761447.48180515;8037319350.486296;"2023-07-12T23:59:59.999Z"
"2023-07-11T00:00:00.000Z";"2023-07-11T23:59:59.999Z";"2023-07-11T12:58:00.000Z";"2023-07-11T00:52:00.000Z";"2790";19.3672386894;20.2459488169;19.3016077595;20.059942327;412346763.3889543;8085450079.291346;"2023-07-11T23:59:59.999Z"
"2023-07-10T00:00:00.000Z";"2023-07-10T23:59:59.999Z";"2023-07-10T21:46:00.000Z";"2023-07-10T09:53:00.000Z";"2790";19.4642728419;19.7983001257;18.753229744;19.3694271242;495266044.8180973;7821653127.056706;"2023-07-10T23:59:59.999Z"
"2023-07-09T00:00:00.000Z";"2023-07-09T23:59:59.999Z";"2023-07-09T01:13:00.000Z";"2023-07-09T22:10:00.000Z";"2790";19.9224741796;20.348244827;19.2299311927;19.4657020215;369348034.1199466;7832941960.114078;"2023-07-09T23:59:59.999Z"
"2023-07-08T00:00:00.000Z";"2023-07-08T23:59:59.999Z";"2023-07-08T09:04:00.000Z";"2023-07-08T05:35:00.000Z";"2790";19.5872453664;20.42206155;19.4684436993;19.9264060069;632628189.8862499;8018299067.453816;"2023-07-08T23:59:59.999Z"
"2023-07-07T00:00:00.000Z";"2023-07-07T23:59:59.999Z";"2023-07-07T22:20:00.000Z";"2023-07-07T08:22:00.000Z";"2790";18.1117259476;19.6934170512;17.7704027414;19.5867098029;907684995.3900098;7920424671.147471;"2023-07-07T23:59:59.999Z"
"2023-07-06T00:00:00.000Z";"2023-07-06T23:59:59.999Z";"2023-07-06T20:05:00.000Z";"2023-07-06T14:40:00.000Z";"2790";17.4956697561;19.2161051298;17.4217635936;18.1154824922;832565198.571228;7293766187.404236;"2023-07-06T23:59:59.999Z"
"2023-07-05T00:00:00.000Z";"2023-07-05T23:59:59.999Z";"2023-07-05T06:02:00.000Z";"2023-07-05T15:41:00.000Z";"2790";17.592194105;17.7906639382;17.007990872;17.496681952;239286701.40833804;7003586919.3364525;"2023-07-05T23:59:59.999Z"
"2023-07-04T00:00:00.000Z";"2023-07-04T23:59:59.999Z";"2023-07-04T15:56:00.000Z";"2023-07-04T08:19:00.000Z";"2790";17.6324929918;18.2366696047;17.5243314873;17.5892188505;316348836.32571554;7032427390.680046;"2023-07-04T23:59:59.999Z"
"2023-07-03T00:00:00.000Z";"2023-07-03T23:59:59.999Z";"2023-07-03T00:19:00.000Z";"2023-07-03T21:29:00.000Z";"2790";17.8337189459;17.9792062439;17.3594988384;17.6302975203;297247843.4834291;7071540398.007841;"2023-07-03T23:59:59.999Z"
"2023-07-02T00:00:00.000Z";"2023-07-02T23:59:59.999Z";"2023-07-02T22:37:00.000Z";"2023-07-02T03:06:00.000Z";"2790";17.1206704574;18.0587164857;17.0220457796;17.831787635;455488686.15943605;7144116248.016812;"2023-07-02T23:59:59.999Z"
"2023-07-01T00:00:00.000Z";"2023-07-01T23:59:59.999Z";"2023-07-01T00:34:00.000Z";"2023-07-01T05:47:00.000Z";"2790";17.3097391864;17.3787755251;16.4392478843;17.1153897676;320207798.6711296;6850688501.24328;"2023-07-01T23:59:59.999Z"
"2023-06-30T00:00:00.000Z";"2023-06-30T23:59:59.999Z";"2023-06-30T17:22:00.000Z";"2023-06-30T13:49:00.000Z";"2790";16.5365303541;18.179392628;15.8842461685;17.3108910872;1030945342.7732315;6957355661.646193;"2023-06-30T23:59:59.999Z"
"2023-06-29T00:00:00.000Z";"2023-06-29T23:59:59.999Z";"2023-06-29T12:22:00.000Z";"2023-06-29T00:52:00.000Z";"2790";14.6435273962;16.6886833726;14.5879137078;16.5359661328;675708889.3240441;6584411740.038833;"2023-06-29T23:59:59.999Z"
"2023-06-28T00:00:00.000Z";"2023-06-28T23:59:59.999Z";"2023-06-28T00:01:00.000Z";"2023-06-28T19:46:00.000Z";"2790";15.1689676486;15.1739178223;14.4233049915;14.6421734591;298781405.4061337;5836556626.73349;"2023-06-28T23:59:59.999Z"
"2023-06-27T00:00:00.000Z";"2023-06-27T23:59:59.999Z";"2023-06-27T21:55:00.000Z";"2023-06-27T01:21:00.000Z";"2790";14.9118247837;15.4274901061;14.8315432734;15.1680735488;237419097.750219;6091787971.518453;"2023-06-27T23:59:59.999Z"
"2023-06-26T00:00:00.000Z";"2023-06-26T23:59:59.999Z";"2023-06-26T14:01:00.000Z";"2023-06-26T22:13:00.000Z";"2790";15.5606403359;15.6729001688;14.686124553;14.9131240692;253036182.90423712;5966509432.894019;"2023-06-26T23:59:59.999Z"
"2023-06-25T00:00:00.000Z";"2023-06-25T23:59:59.999Z";"2023-06-25T09:04:00.000Z";"2023-06-25T01:10:00.000Z";"2790";15.2535805475;15.8605001613;15.2129688259;15.562229283;231613253.35949;6215344949.60642;"2023-06-25T23:59:59.999Z"
"2023-06-24T00:00:00.000Z";"2023-06-24T23:59:59.999Z";"2023-06-24T03:22:00.000Z";"2023-06-24T21:16:00.000Z";"2790";15.7095922466;16.0469944058;15.0812223385;15.254854304;238613576.41853747;6098710775.421053;"2023-06-24T23:59:59.999Z"
"2023-06-23T00:00:00.000Z";"2023-06-23T23:59:59.999Z";"2023-06-23T21:04:00.000Z";"2023-06-23T14:16:00.000Z";"2790";15.1898223355;16.0726441996;14.9015838463;15.7098307022;353204969.5045195;6257563503.004308;"2023-06-23T23:59:59.999Z"
"2023-06-22T00:00:00.000Z";"2023-06-22T23:59:59.999Z";"2023-06-22T03:01:00.000Z";"2023-06-22T23:01:00.000Z";"2790";15.6998121725;16.1003120014;15.1643317914;15.1883392308;272229789.800348;6050990251.575018;"2023-06-22T23:59:59.999Z"
"2023-06-21T00:00:00.000Z";"2023-06-21T23:59:59.999Z";"2023-06-21T23:35:00.000Z";"2023-06-21T00:10:00.000Z";"2790";15.23396342;15.8111536104;15.1842393463;15.6982860706;327645621.434603;6315740241.029729;"2023-06-21T23:59:59.999Z"
"2023-06-20T00:00:00.000Z";"2023-06-20T23:59:59.999Z";"2023-06-20T23:55:00.000Z";"2023-06-20T14:31:00.000Z";"2790";14.7182533117;15.2625360262;14.4523674806;15.2351768517;243308434.8036496;6083630944.981483;"2023-06-20T23:59:59.999Z"
"2023-06-19T00:00:00.000Z";"2023-06-19T23:59:59.999Z";"2023-06-19T23:58:00.000Z";"2023-06-19T00:58:00.000Z";"2790";14.1102759678;14.7161980085;14.0897890115;14.7140665398;149842159.28010586;5868603428.213658;"2023-06-19T23:59:59.999Z"
"2023-06-18T00:00:00.000Z";"2023-06-18T23:59:59.999Z";"2023-06-18T20:02:00.000Z";"2023-06-18T23:02:00.000Z";"2790";14.2832753946;14.4561359033;14.0388560205;14.1110872487;129249561.0778825;5627280343.490008;"2023-06-18T23:59:59.999Z"
"2023-06-17T00:00:00.000Z";"2023-06-17T23:59:59.999Z";"2023-06-17T06:25:00.000Z";"2023-06-17T02:04:00.000Z";"2790";13.9721420024;14.6632403403;13.8597392461;14.2842306959;188414969.85620928;5704673213.1975765;"2023-06-17T23:59:59.999Z"
"2023-06-16T00:00:00.000Z";"2023-06-16T23:59:59.999Z";"2023-06-16T20:56:00.000Z";"2023-06-16T14:49:00.000Z";"2790";13.4846292201;14.0754132884;13.2308269164;13.9718431136;212445168.11076516;5582082122.818275;"2023-06-16T23:59:59.999Z"
"2023-06-15T00:00:00.000Z";"2023-06-15T23:59:59.999Z";"2023-06-15T21:19:00.000Z";"2023-06-15T17:40:00.000Z";"2790";13.3615706357;13.7145011658;12.9869409029;13.4828667303;304253736.31290954;5434041002.989028;"2023-06-15T23:59:59.999Z"
"2023-06-14T00:00:00.000Z";"2023-06-14T23:59:59.999Z";"2023-06-14T18:01:00.000Z";"2023-06-14T21:01:00.000Z";"2790";13.9193989708;14.0989362354;13.1065981748;13.3626894457;274809039.39475274;5358680938.531875;"2023-06-14T23:59:59.999Z"
"2023-06-13T00:00:00.000Z";"2023-06-13T23:59:59.999Z";"2023-06-13T12:34:00.000Z";"2023-06-13T16:01:00.000Z";"2790";14.1198584649;14.7453670639;13.728277016;13.9202277887;338101505.5979359;5567479598.181238;"2023-06-13T23:59:59.999Z"
"2023-06-12T00:00:00.000Z";"2023-06-12T23:59:59.999Z";"2023-06-12T09:11:00.000Z";"2023-06-12T17:40:00.000Z";"2790";14.4725814392;14.4796543201;13.7870837779;14.1197930955;357422821.0947324;5640431298.647161;"2023-06-12T23:59:59.999Z"
"2023-06-11T00:00:00.000Z";"2023-06-11T23:59:59.999Z";"2023-06-11T20:13:00.000Z";"2023-06-11T16:04:00.000Z";"2790";14.5575425873;14.9849984692;14.1335341967;14.4712642302;414913236.0188581;5765513572.741233;"2023-06-11T23:59:59.999Z"
"2023-06-10T00:00:00.000Z";"2023-06-10T23:59:59.999Z";"2023-06-10T00:01:00.000Z";"2023-06-10T04:29:00.000Z";"2790";16.1702036932;16.1809991239;12.4471552144;14.5590780622;1144608607.9976413;5801550081.591152;"2023-06-10T23:59:59.999Z"
"2023-06-09T00:00:00.000Z";"2023-06-09T23:59:59.999Z";"2023-06-09T12:05:00.000Z";"2023-06-09T23:34:00.000Z";"2790";17.5366752803;17.899627904;15.9654771672;16.1686644215;429730883.68933064;6418324094.634895;"2023-06-09T23:59:59.999Z"
"2023-06-08T00:00:00.000Z";"2023-06-08T23:59:59.999Z";"2023-06-08T20:40:00.000Z";"2023-06-08T03:35:00.000Z";"2790";17.4051161452;17.6955238374;17.0814850059;17.5346629791;241393914.0295167;7032338503.957359;"2023-06-08T23:59:59.999Z"
"2023-06-07T00:00:00.000Z";"2023-06-07T23:59:59.999Z";"2023-06-07T00:49:00.000Z";"2023-06-07T23:15:00.000Z";"2790";19.0671582552;19.1427462978;17.3382397537;17.4072896067;364947193.9959042;6935413706.0888405;"2023-06-07T23:59:59.999Z"
"2023-06-06T00:00:00.000Z";"2023-06-06T23:59:59.999Z";"2023-06-06T20:12:00.000Z";"2023-06-06T13:19:00.000Z";"2790";18.7283485372;19.3470090168;18.0969618486;19.070542731;412054587.43784547;7569892320.612723;"2023-06-06T23:59:59.999Z"
"2023-06-05T00:00:00.000Z";"2023-06-05T23:59:59.999Z";"2023-06-05T00:40:00.000Z";"2023-06-05T16:07:00.000Z";"2790";20.4002151272;20.6156844168;18.1183176892;18.7435618394;555504813.6326349;7461831906.669905;"2023-06-05T23:59:59.999Z"
"2023-06-04T00:00:00.000Z";"2023-06-04T23:59:59.999Z";"2023-06-04T20:15:00.000Z";"2023-06-04T01:07:00.000Z";"2790";19.7483251285;20.7974732651;19.6586398728;20.3982335938;296636542.9578196;8084593712.445134;"2023-06-04T23:59:59.999Z"
"2023-06-03T00:00:00.000Z";"2023-06-03T23:59:59.999Z";"2023-06-03T16:40:00.000Z";"2023-06-03T21:43:00.000Z";"2790";19.842798278;19.9145261097;19.6173411467;19.7466052264;135281237.1180138;7838798337.513274;"2023-06-03T23:59:59.999Z"
"2023-06-02T00:00:00.000Z";"2023-06-02T23:59:59.999Z";"2023-06-02T21:57:00.000Z";"2023-06-02T00:40:00.000Z";"2790";19.0540881277;19.9338208878;18.9412903712;19.8418405142;220821323.23303932;7842291200.934852;"2023-06-02T23:59:59.999Z"
"2023-06-01T00:00:00.000Z";"2023-06-01T23:59:59.999Z";"2023-06-01T00:31:00.000Z";"2023-06-01T02:58:00.000Z";"2790";19.4743976355;19.6126598555;19.0517077822;19.0517077822;195490405.17834175;7603777983.078968;"2023-06-01T23:59:59.999Z"
"2023-05-31T00:00:00.000Z";"2023-05-31T23:59:59.999Z";"2023-05-31T01:00:00.000Z";"2023-05-31T14:28:00.000Z";"2790";19.8078225131;19.8613288489;19.2012440047;19.4734296681;229389612.3015659;7696408360.461325;"2023-05-31T23:59:59.999Z"
"2023-05-30T00:00:00.000Z";"2023-05-30T23:59:59.999Z";"2023-05-30T18:50:00.000Z";"2023-05-30T00:44:00.000Z";"2790";19.2283859664;19.949356093;19.1438734986;19.8048528693;343256569.28053975;7870278284.821654;"2023-05-30T23:59:59.999Z"
"2023-05-29T00:00:00.000Z";"2023-05-29T23:59:59.999Z";"2023-05-29T00:25:00.000Z";"2023-05-29T17:07:00.000Z";"2790";19.4007019838;19.5629657058;18.9469514475;19.2244643385;212936820.04231465;7612686237.309513;"2023-05-29T23:59:59.999Z"
"2023-05-28T00:00:00.000Z";"2023-05-28T23:59:59.999Z";"2023-05-28T22:22:00.000Z";"2023-05-28T00:20:00.000Z";"2790";19.0340424654;19.7158314979;18.9509311741;19.3955470796;271597827.06638765;7681376313.7759495;"2023-05-28T23:59:59.999Z"
"2023-05-27T00:00:00.000Z";"2023-05-27T23:59:59.999Z";"2023-05-27T22:50:00.000Z";"2023-05-27T00:35:00.000Z";"2790";18.0463546866;19.1022212362;18.0314556386;19.0332533364;167437493.4985148;7543509687.638528;"2023-05-27T23:59:59.999Z"
"2023-05-26T00:00:00.000Z";"2023-05-26T23:59:59.999Z";"2023-05-26T14:36:00.000Z";"2023-05-26T06:04:00.000Z";"2790";17.9605954131;18.2113489451;17.8060164126;18.047097552;130761363.67770869;7157577592.393703;"2023-05-26T23:59:59.999Z"
"2023-05-25T00:00:00.000Z";"2023-05-25T23:59:59.999Z";"2023-05-25T12:10:00.000Z";"2023-05-25T01:29:00.000Z";"2790";17.8722436113;18.1587112322;17.5802344826;17.9616853297;180871497.85700658;7095083611.170063;"2023-05-25T23:59:59.999Z"
"2023-05-24T00:00:00.000Z";"2023-05-24T23:59:59.999Z";"2023-05-24T00:13:00.000Z";"2023-05-24T13:55:00.000Z";"2790";18.6121815485;18.6285431987;17.5457218365;17.8720676866;276559463.2876833;7072308252.923607;"2023-05-24T23:59:59.999Z"
"2023-05-23T00:00:00.000Z";"2023-05-23T23:59:59.999Z";"2023-05-23T03:26:00.000Z";"2023-05-23T01:04:00.000Z";"2790";18.0773360634;18.6498286292;17.9844781145;18.6112378662;239363930.5578422;7343717267.241346;"2023-05-23T23:59:59.999Z"
"2023-05-22T00:00:00.000Z";"2023-05-22T23:59:59.999Z";"2023-05-22T13:46:00.000Z";"2023-05-22T00:49:00.000Z";"2790";18.1206810664;18.4728764947;17.9135322537;18.0786397934;200427714.19898915;7151760136.926629;"2023-05-22T23:59:59.999Z"
"2023-05-21T00:00:00.000Z";"2023-05-21T23:59:59.999Z";"2023-05-21T01:14:00.000Z";"2023-05-21T21:23:00.000Z";"2790";18.7526712627;18.8433908697;18.0503284843;18.1232386857;194723282.18436697;7177711633.5295725;"2023-05-21T23:59:59.999Z"
"2023-05-20T00:00:00.000Z";"2023-05-20T23:59:59.999Z";"2023-05-20T00:16:00.000Z";"2023-05-20T05:43:00.000Z";"2790";18.8108078662;18.8211419287;18.6228781926;18.7524338502;111866238.83223574;7424543434.376139;"2023-05-20T23:59:59.999Z"
"2023-05-19T00:00:00.000Z";"2023-05-19T23:59:59.999Z";"2023-05-19T15:22:00.000Z";"2023-05-19T15:37:00.000Z";"2790";18.8854169895;19.0015642077;18.78570973;18.810402365;138357748.40683594;7477492319.616056;"2023-05-19T23:59:59.999Z"
"2023-05-18T00:00:00.000Z";"2023-05-18T23:59:59.999Z";"2023-05-18T00:00:00.000Z";"2023-05-18T17:58:00.000Z";"2790";19.4389909599;19.4389909599;18.7343042899;18.8844643824;270644025.341314;7430726887.512503;"2023-05-18T23:59:59.999Z"
"2023-05-17T00:00:00.000Z";"2023-05-17T23:59:59.999Z";"2023-05-17T23:34:00.000Z";"2023-05-17T14:39:00.000Z";"2790";19.0331704106;19.5385019502;18.9302641703;19.4402761533;257478036.70452446;7675243492.13948;"2023-05-17T23:59:59.999Z"
"2023-05-16T00:00:00.000Z";"2023-05-16T23:59:59.999Z";"2023-05-16T00:32:00.000Z";"2023-05-16T20:07:00.000Z";"2790";19.3203757801;19.4191000226;18.8488354516;19.0343926717;256847493.29908562;7524004587.164734;"2023-05-16T23:59:59.999Z"
"2023-05-15T00:00:00.000Z";"2023-05-15T23:59:59.999Z";"2023-05-15T08:53:00.000Z";"2023-05-15T00:59:00.000Z";"2790";19.3072890382;19.7579153479;19.0279277632;19.3179380046;283210409.63698244;7657896758.8599415;"2023-05-15T23:59:59.999Z"
"2023-05-14T00:00:00.000Z";"2023-05-14T23:59:59.999Z";"2023-05-14T15:19:00.000Z";"2023-05-14T01:31:00.000Z";"2790";19.0795639458;19.4230807846;18.8952182448;19.3098339599;168706293.8818435;7576271405.590944;"2023-05-14T23:59:59.999Z"
"2023-05-13T00:00:00.000Z";"2023-05-13T23:59:59.999Z";"2023-05-13T07:55:00.000Z";"2023-05-13T15:28:00.000Z";"2790";19.1192328846;19.4227773146;19.0333623134;19.0800159727;205323649.50322446;7544150748.225544;"2023-05-13T23:59:59.999Z"
"2023-05-12T00:00:00.000Z";"2023-05-12T23:59:59.999Z";"2023-05-12T23:49:00.000Z";"2023-05-12T06:26:00.000Z";"2790";18.5394455862;19.1317452397;18.1830978672;19.115472231;332373721.1224514;7576695261.2753935;"2023-05-12T23:59:59.999Z"
"2023-05-11T00:00:00.000Z";"2023-05-11T23:59:59.999Z";"2023-05-11T00:00:00.000Z";"2023-05-11T17:49:00.000Z";"2790";19.0783064877;19.0783064877;18.1873001344;18.5405934864;342805535.0342702;7281822302.04026;"2023-05-11T23:59:59.999Z"
"2023-05-10T00:00:00.000Z";"2023-05-10T23:59:59.999Z";"2023-05-10T13:07:00.000Z";"2023-05-10T17:22:00.000Z";"2790";18.863460919;19.356674607;18.3836654851;19.0789613573;447536745.23888135;7550736731.703309;"2023-05-10T23:59:59.999Z"
"2023-05-09T00:00:00.000Z";"2023-05-09T23:59:59.999Z";"2023-05-09T13:16:00.000Z";"2023-05-09T19:04:00.000Z";"2790";18.7843211936;19.1504326486;18.6552193119;18.8636288204;248039679.07154086;7428454624.070462;"2023-05-09T23:59:59.999Z"
"2023-05-08T00:00:00.000Z";"2023-05-08T23:59:59.999Z";"2023-05-08T00:00:00.000Z";"2023-05-08T18:09:00.000Z";"2790";19.7893177304;19.7893177304;18.3924973113;18.7840384506;502313308.535434;7402393625.84389;"2023-05-08T23:59:59.999Z"
"2023-05-07T00:00:00.000Z";"2023-05-07T23:59:59.999Z";"2023-05-07T18:14:00.000Z";"2023-05-07T02:56:00.000Z";"2790";19.5991776656;20.2830633005;19.4536027483;19.8216066295;270837432.7557297;7694553157.860473;"2023-05-07T23:59:59.999Z"
"2023-05-06T00:00:00.000Z";"2023-05-06T23:59:59.999Z";"2023-05-06T00:47:00.000Z";"2023-05-06T15:02:00.000Z";"2790";20.3628874627;20.714524336;19.3833506911;19.6012624146;313929048.0933319;7727572705.820947;"2023-05-06T23:59:59.999Z"
"2023-05-05T00:00:00.000Z";"2023-05-05T23:59:59.999Z";"2023-05-05T20:14:00.000Z";"2023-05-05T01:23:00.000Z";"2790";19.7113922721;20.9016146122;19.6772515772;20.3757270187;383882617.4705371;8165343998.092334;"2023-05-05T23:59:59.999Z"
"2023-05-04T00:00:00.000Z";"2023-05-04T23:59:59.999Z";"2023-05-04T00:36:00.000Z";"2023-05-04T19:22:00.000Z";"2790";20.0733749413;20.2573250551;19.6556268991;19.7128808446;263648782.84137976;7737504599.709676;"2023-05-04T23:59:59.999Z"
"2023-05-03T00:00:00.000Z";"2023-05-03T23:59:59.999Z";"2023-05-03T22:28:00.000Z";"2023-05-03T13:07:00.000Z";"2790";20.2180565499;20.2180565499;19.2803165173;20.0683879087;404810311.16260654;7951581865.423094;"2023-05-03T23:59:59.999Z"
"2023-05-02T00:00:00.000Z";"2023-05-02T23:59:59.999Z";"2023-05-02T19:40:00.000Z";"2023-05-02T05:02:00.000Z";"2790";20.047009815;20.3312994581;19.8195844565;20.2185818645;270547458.63111;7999661739.282814;"2023-05-02T23:59:59.999Z"
"2023-05-01T00:00:00.000Z";"2023-05-01T23:59:59.999Z";"2023-05-01T00:33:00.000Z";"2023-05-01T21:01:00.000Z";"2790";20.7325743996;20.7814963182;19.7163314255;20.0415855961;398104635.75833493;7852150231.238272;"2023-05-01T23:59:59.999Z"
"2023-04-30T00:00:00.000Z";"2023-04-30T23:59:59.999Z";"2023-04-30T15:43:00.000Z";"2023-04-30T23:59:00.000Z";"2790";20.8345514612;21.5050205253;20.7365826323;20.7365826323;330750016.39774597;8068618795.59704;"2023-04-30T23:59:59.999Z"
"2023-04-29T00:00:00.000Z";"2023-04-29T23:59:59.999Z";"2023-04-29T14:40:00.000Z";"2023-04-29T23:07:00.000Z";"2790";20.9998457917;21.3441923566;20.6578896512;20.8339554726;332486714.2114885;8188567812.161443;"2023-04-29T23:59:59.999Z"
"2023-04-28T00:00:00.000Z";"2023-04-28T23:59:59.999Z";"2023-04-28T23:47:00.000Z";"2023-04-28T15:07:00.000Z";"2790";20.247392595;21.0835500351;20.1241867937;20.999282141;463848019.1693392;8323437599.965462;"2023-04-28T23:59:59.999Z"
"2023-04-27T00:00:00.000Z";"2023-04-27T23:59:59.999Z";"2023-04-27T18:46:00.000Z";"2023-04-27T00:08:00.000Z";"2790";19.2703706887;20.3940916397;19.2174800452;20.249638981;461504435.2869054;7946658172.996261;"2023-04-27T23:59:59.999Z"
"2023-04-26T00:00:00.000Z";"2023-04-26T23:59:59.999Z";"2023-04-26T13:30:00.000Z";"2023-04-26T20:04:00.000Z";"2790";19.9710194909;20.6621086811;18.6468051379;19.2687457073;628515803.1218437;7615914017.864913;"2023-04-26T23:59:59.999Z"
"2023-04-25T00:00:00.000Z";"2023-04-25T23:59:59.999Z";"2023-04-25T23:51:00.000Z";"2023-04-25T08:25:00.000Z";"2790";19.3447666479;19.9815558907;18.8446742636;19.9708161167;332590473.4365264;7788794402.346708;"2023-04-25T23:59:59.999Z"
"2023-04-24T00:00:00.000Z";"2023-04-24T23:59:59.999Z";"2023-04-24T01:22:00.000Z";"2023-04-24T17:04:00.000Z";"2790";19.5376730077;19.9742391655;19.1069551875;19.34984859;326255929.638964;7642212474.093791;"2023-04-24T23:59:59.999Z"
"2023-04-23T00:00:00.000Z";"2023-04-23T23:59:59.999Z";"2023-04-23T12:34:00.000Z";"2023-04-23T18:56:00.000Z";"2790";19.6606363941;20.0219720876;18.9859116057;19.5389347874;283375703.095121;7603072017.744777;"2023-04-23T23:59:59.999Z"
"2023-04-22T00:00:00.000Z";"2023-04-22T23:59:59.999Z";"2023-04-22T22:29:00.000Z";"2023-04-22T01:18:00.000Z";"2790";19.174939098;19.7793554219;19.0226553026;19.6605111592;222420577.2172461;7719462970.619403;"2023-04-22T23:59:59.999Z"
"2023-04-21T00:00:00.000Z";"2023-04-21T23:59:59.999Z";"2023-04-21T01:00:00.000Z";"2023-04-21T20:07:00.000Z";"2790";20.22605873;20.3952526172;19.1755374135;19.1755374135;446343781.49272704;7617080400.354673;"2023-04-21T23:59:59.999Z"
"2023-04-20T00:00:00.000Z";"2023-04-20T23:59:59.999Z";"2023-04-20T13:43:00.000Z";"2023-04-20T19:29:00.000Z";"2790";20.7306580274;21.0697212608;19.7681941427;20.2229296282;601547538.3173531;7949191337.645496;"2023-04-20T23:59:59.999Z"
"2023-04-19T00:00:00.000Z";"2023-04-19T23:59:59.999Z";"2023-04-19T00:19:00.000Z";"2023-04-19T08:25:00.000Z";"2790";22.6425020689;22.7191947913;20.3288183896;20.7414294809;762519332.8899237;8122645958.289873;"2023-04-19T23:59:59.999Z"
"2023-04-18T00:00:00.000Z";"2023-04-18T23:59:59.999Z";"2023-04-18T11:52:00.000Z";"2023-04-18T01:17:00.000Z";"2790";22.4838117355;23.1676864166;22.0577008922;22.6442046051;446381309.4673944;8924425218.295761;"2023-04-18T23:59:59.999Z"
"2023-04-17T00:00:00.000Z";"2023-04-17T23:59:59.999Z";"2023-04-17T03:38:00.000Z";"2023-04-17T16:28:00.000Z";"2790";23.088734344;23.6258547152;22.3627234487;22.4766484463;718336462.639223;8771601688.213236;"2023-04-17T23:59:59.999Z"
"2023-04-16T00:00:00.000Z";"2023-04-16T23:59:59.999Z";"2023-04-16T22:58:00.000Z";"2023-04-16T01:17:00.000Z";"2790";21.6886157926;23.1652808474;21.5697487466;23.0879764012;420483054.95943993;8962630644.584864;"2023-04-16T23:59:59.999Z"
"2023-04-15T00:00:00.000Z";"2023-04-15T23:59:59.999Z";"2023-04-15T00:00:00.000Z";"2023-04-15T21:11:00.000Z";"2790";22.3124354013;22.3124354013;21.5014878542;21.6882477996;342005640.2658272;8498305624.678834;"2023-04-15T23:59:59.999Z"
"2023-04-14T00:00:00.000Z";"2023-04-14T23:59:59.999Z";"2023-04-14T06:40:00.000Z";"2023-04-14T16:52:00.000Z";"2790";22.112693013;23.0045215756;21.7047199273;22.3107344842;777370055.3675548;8782546710.903904;"2023-04-14T23:59:59.999Z"
"2023-04-13T00:00:00.000Z";"2023-04-13T23:59:59.999Z";"2023-04-13T12:52:00.000Z";"2023-04-13T01:23:00.000Z";"2790";21.6513777245;22.9473373549;21.5573781511;22.1099937412;720475367.7951212;8700838506.2094;"2023-04-13T23:59:59.999Z"
"2023-04-12T00:00:00.000Z";"2023-04-12T23:59:59.999Z";"2023-04-12T13:19:00.000Z";"2023-04-12T02:56:00.000Z";"2790";21.0856807996;22.1994744653;20.5322105586;21.8038423035;1103117321.0949926;8604778612.509472;"2023-04-12T23:59:59.999Z"
"2023-04-11T00:00:00.000Z";"2023-04-11T23:59:59.999Z";"2023-04-11T16:37:00.000Z";"2023-04-11T00:11:00.000Z";"2790";19.2128804046;21.6824668244;19.191107628;21.0867420173;996833864.4293714;8289703390.748027;"2023-04-11T23:59:59.999Z"
"2023-04-10T00:00:00.000Z";"2023-04-10T23:59:59.999Z";"2023-04-10T23:40:00.000Z";"2023-04-10T14:02:00.000Z";"2790";18.6047799241;19.2617300622;18.5544265119;19.2143373751;205446804.89592427;7427283758.851492;"2023-04-10T23:59:59.999Z"
"2023-04-09T00:00:00.000Z";"2023-04-09T23:59:59.999Z";"2023-04-09T22:08:00.000Z";"2023-04-09T07:09:00.000Z";"2790";18.2258194696;18.7305044674;18.1585205289;18.6033842447;138779351.42802516;7165058077.078386;"2023-04-09T23:59:59.999Z"
"2023-04-08T00:00:00.000Z";"2023-04-08T23:59:59.999Z";"2023-04-08T06:29:00.000Z";"2023-04-08T22:51:00.000Z";"2790";18.6123929319;18.8366171818;18.1433474453;18.2240728919;176800025.15014204;7068712461.598792;"2023-04-08T23:59:59.999Z"
"2023-04-07T00:00:00.000Z";"2023-04-07T23:59:59.999Z";"2023-04-07T01:10:00.000Z";"2023-04-07T09:04:00.000Z";"2790";18.8762403779;19.0265257132;18.567784736;18.6153647529;157210101.71031055;7272627592.759352;"2023-04-07T23:59:59.999Z"
"2023-04-06T00:00:00.000Z";"2023-04-06T23:59:59.999Z";"2023-04-06T00:01:00.000Z";"2023-04-06T10:49:00.000Z";"2790";19.2295214507;19.2303534409;18.8023526355;18.8759923539;204088091.4104252;7317625100.135473;"2023-04-06T23:59:59.999Z"
"2023-04-05T00:00:00.000Z";"2023-04-05T23:59:59.999Z";"2023-04-05T00:58:00.000Z";"2023-04-05T17:04:00.000Z";"2790";19.096089276;19.4492305766;18.9656631122;19.2258081146;296496214.9576679;7408311000.837596;"2023-04-05T23:59:59.999Z"
"2023-04-04T00:00:00.000Z";"2023-04-04T23:59:59.999Z";"2023-04-04T12:34:00.000Z";"2023-04-04T05:02:00.000Z";"2790";18.7430678301;19.4684280592;18.6753100316;19.0905770653;280220383.33304554;7425198251.992908;"2023-04-04T23:59:59.999Z"
"2023-04-03T00:00:00.000Z";"2023-04-03T23:59:59.999Z";"2023-04-03T19:47:00.000Z";"2023-04-03T04:46:00.000Z";"2790";19.0049117346;19.203307684;18.54912814;18.7397971179;404664790.17881;7302151244.3255625;"2023-04-03T23:59:59.999Z"
"2023-04-02T00:00:00.000Z";"2023-04-02T23:59:59.999Z";"2023-04-02T07:34:00.000Z";"2023-04-02T22:23:00.000Z";"2790";19.4046428052;19.5803891696;18.7524676319;19.0057595968;211236836.5843459;7288236105.736044;"2023-04-02T23:59:59.999Z"
"2023-04-01T00:00:00.000Z";"2023-04-01T23:59:59.999Z";"2023-04-01T02:04:00.000Z";"2023-04-01T17:00:00.000Z";"2790";19.4813501304;19.6125079948;19.193842816;19.3012614772;192488028.05154943;7443925391.907332;"2023-04-01T23:59:59.999Z"
"2023-03-31T00:00:00.000Z";"2023-03-31T23:59:59.999Z";"2023-03-31T22:59:00.000Z";"2023-03-31T07:41:00.000Z";"2790";18.8425456069;19.730391807;18.5113407266;19.4805615821;323506595.74972934;7484214276.292495;"2023-03-31T23:59:59.999Z"
"2023-03-30T00:00:00.000Z";"2023-03-30T23:59:59.999Z";"2023-03-30T02:46:00.000Z";"2023-03-30T17:34:00.000Z";"2790";19.4682699444;19.9305481949;18.5684848436;18.8472004638;435627515.8349198;7299300094.627423;"2023-03-30T23:59:59.999Z"
"2023-03-29T00:00:00.000Z";"2023-03-29T23:59:59.999Z";"2023-03-29T08:40:00.000Z";"2023-03-29T00:17:00.000Z";"2790";18.8808623735;19.853850324;18.8663579611;19.4665463565;349402996.9943878;7491809464.851218;"2023-03-29T23:59:59.999Z"
"2023-03-28T00:00:00.000Z";"2023-03-28T23:59:59.999Z";"2023-03-28T19:56:00.000Z";"2023-03-28T10:55:00.000Z";"2790";18.4332302865;19.1419409613;18.1717706808;18.8832974938;321673006.48133856;7283154523.052746;"2023-03-28T23:59:59.999Z"
"2023-03-27T00:00:00.000Z";"2023-03-27T23:59:59.999Z";"2023-03-27T00:05:00.000Z";"2023-03-27T15:13:00.000Z";"2790";19.4623680835;19.4846347615;18.0996112862;18.4350593763;333656391.75619626;7098411087.86572;"2023-03-27T23:59:59.999Z"
"2023-03-26T00:00:00.000Z";"2023-03-26T23:59:59.999Z";"2023-03-26T14:01:00.000Z";"2023-03-26T00:19:00.000Z";"2790";18.9711746628;19.5972976524;18.8797834719;19.4670432242;210332829.10559928;7472325247.282358;"2023-03-26T23:59:59.999Z"
"2023-03-25T00:00:00.000Z";"2023-03-25T23:59:59.999Z";"2023-03-25T15:56:00.000Z";"2023-03-25T19:58:00.000Z";"2790";19.1879138178;19.4428552966;18.7305334996;18.9734649071;253283684.31316963;7283936605.109794;"2023-03-25T23:59:59.999Z"
"2023-03-24T00:00:00.000Z";"2023-03-24T23:59:59.999Z";"2023-03-24T02:11:00.000Z";"2023-03-24T18:11:00.000Z";"2790";20.5025063186;20.5594485867;18.9227971488;19.1889435092;505060402.16368884;7326966969.031969;"2023-03-24T23:59:59.999Z"
"2023-03-23T00:00:00.000Z";"2023-03-23T23:59:59.999Z";"2023-03-23T17:07:00.000Z";"2023-03-23T02:04:00.000Z";"2790";19.7580086859;20.8352441397;19.4906720642;20.5067300639;511286371.2022553;7844441377.980711;"2023-03-23T23:59:59.999Z"
"2023-03-22T00:00:00.000Z";"2023-03-22T23:59:59.999Z";"2023-03-22T15:19:00.000Z";"2023-03-22T20:02:00.000Z";"2790";20.990571616;21.3794618276;19.4678304067;19.7597048615;790530157.5072714;7651403249.596464;"2023-03-22T23:59:59.999Z"
"2023-03-21T00:00:00.000Z";"2023-03-21T23:59:59.999Z";"2023-03-21T14:04:00.000Z";"2023-03-21T08:28:00.000Z";"2790";20.6923560481;21.5443388509;20.1665609493;20.9969223293;695183444.3532956;8095299952.328787;"2023-03-21T23:59:59.999Z"
"2023-03-20T00:00:00.000Z";"2023-03-20T23:59:59.999Z";"2023-03-20T13:16:00.000Z";"2023-03-20T04:04:00.000Z";"2790";20.5157720415;22.2382443028;20.2337424155;20.6917509639;1074510265.2632859;7967778621.17379;"2023-03-20T23:59:59.999Z"
"2023-03-19T00:00:00.000Z";"2023-03-19T23:59:59.999Z";"2023-03-19T16:52:00.000Z";"2023-03-19T00:00:00.000Z";"2790";19.6726703086;20.8378327724;19.6726703086;20.5081346018;440968849.4466233;7795077731.641993;"2023-03-19T23:59:59.999Z"
"2023-03-18T00:00:00.000Z";"2023-03-18T23:59:59.999Z";"2023-03-18T04:23:00.000Z";"2023-03-18T23:52:00.000Z";"2790";20.1192506903;21.2347857421;19.6203108596;19.6704535652;734527300.1268208;7559718402.767147;"2023-03-18T23:59:59.999Z"
"2023-03-17T00:00:00.000Z";"2023-03-17T23:59:59.999Z";"2023-03-17T23:49:00.000Z";"2023-03-17T01:10:00.000Z";"2790";18.5879333339;20.1599876073;18.3684193972;20.1161466786;587424059.2621866;7811628494.843804;"2023-03-17T23:59:59.999Z"
"2023-03-16T00:00:00.000Z";"2023-03-16T23:59:59.999Z";"2023-03-16T19:28:00.000Z";"2023-03-16T01:21:00.000Z";"2790";18.2329861596;18.7291926055;17.9713440312;18.5865462861;414431583.3173428;7146292953.160236;"2023-03-16T23:59:59.999Z"
"2023-03-15T00:00:00.000Z";"2023-03-15T23:59:59.999Z";"2023-03-15T05:26:00.000Z";"2023-03-15T17:05:00.000Z";"2790";19.5158822954;20.0066901684;17.8612360666;18.2240739411;761248291.8939908;6890872501.499193;"2023-03-15T23:59:59.999Z"
"2023-03-14T00:00:00.000Z";"2023-03-14T23:59:59.999Z";"2023-03-14T13:16:00.000Z";"2023-03-14T08:16:00.000Z";"2790";19.0557538501;20.6042366259;18.6248826919;19.511206379;1053955588.7192515;7476173426.314475;"2023-03-14T23:59:59.999Z"
"2023-03-13T00:00:00.000Z";"2023-03-13T23:59:59.999Z";"2023-03-13T15:25:00.000Z";"2023-03-13T12:50:00.000Z";"2790";19.0148823734;19.9000415432;17.7392346921;19.0533941819;1087077432.8725362;7328637732.058779;"2023-03-13T23:59:59.999Z"
"2023-03-12T00:00:00.000Z";"2023-03-12T23:59:59.999Z";"2023-03-12T23:47:00.000Z";"2023-03-12T07:49:00.000Z";"2790";17.1181162578;19.0771201089;16.8529379872;19.0018830066;626441561.0354257;7305780255.947066;"2023-03-12T23:59:59.999Z"
"2023-03-11T00:00:00.000Z";"2023-03-11T23:59:59.999Z";"2023-03-11T02:01:00.000Z";"2023-03-11T08:10:00.000Z";"2790";17.119219328;17.6870277237;16.1134957275;17.1190982182;653961970.6820347;6549773497.581883;"2023-03-11T23:59:59.999Z"
"2023-03-10T00:00:00.000Z";"2023-03-10T23:59:59.999Z";"2023-03-10T23:49:00.000Z";"2023-03-10T10:43:00.000Z";"2790";16.3569436195;17.1945651067;15.2008812247;17.1197249871;891939415.7766223;6603091883.826525;"2023-03-10T23:59:59.999Z"
"2023-03-09T00:00:00.000Z";"2023-03-09T23:59:59.999Z";"2023-03-09T07:09:00.000Z";"2023-03-09T21:01:00.000Z";"2790";17.4655545999;17.7130476336;16.0133950044;16.3527889975;714902365.5652701;6283043170.189408;"2023-03-09T23:59:59.999Z"
"2023-03-08T00:00:00.000Z";"2023-03-08T23:59:59.999Z";"2023-03-08T00:14:00.000Z";"2023-03-08T22:58:00.000Z";"2790";19.1915696778;19.2818535533;17.3418164861;17.4618921187;588285186.4431705;6687633374.71348;"2023-03-08T23:59:59.999Z"
"2023-03-07T00:00:00.000Z";"2023-03-07T23:59:59.999Z";"2023-03-07T01:28:00.000Z";"2023-03-07T22:13:00.000Z";"2790";19.3091196656;19.5558554937;18.7890139444;19.1918638008;369532821.2768459;7252165777.521058;"2023-03-07T23:59:59.999Z"
"2023-03-06T00:00:00.000Z";"2023-03-06T23:59:59.999Z";"2023-03-06T16:05:00.000Z";"2023-03-06T21:17:00.000Z";"2790";19.7385679931;19.7580741329;19.2201819351;19.3104298627;299227375.002903;7422596873.486619;"2023-03-06T23:59:59.999Z"
"2023-03-05T00:00:00.000Z";"2023-03-05T23:59:59.999Z";"2023-03-05T01:22:00.000Z";"2023-03-05T23:28:00.000Z";"2790";19.7024761324;20.3138593078;19.6671342725;19.7419176057;261926814.0959783;7536224629.63987;"2023-03-05T23:59:59.999Z"
"2023-03-04T00:00:00.000Z";"2023-03-04T23:59:59.999Z";"2023-03-04T01:07:00.000Z";"2023-03-04T21:47:00.000Z";"2790";20.1099687862;20.2385325661;19.1459308539;19.7028951127;234332417.16449273;7467085666.273372;"2023-03-04T23:59:59.999Z"
"2023-03-03T00:00:00.000Z";"2023-03-03T23:59:59.999Z";"2023-03-03T00:04:00.000Z";"2023-03-03T02:01:00.000Z";"2790";20.7410246625;20.7553579463;19.3666214343;20.1093354746;461514705.629095;7650623805.96;"2023-03-03T23:59:59.999Z"
"2023-03-02T00:00:00.000Z";"2023-03-02T23:59:59.999Z";"2023-03-02T00:24:00.000Z";"2023-03-02T14:23:00.000Z";"2790";21.0947938006;21.1617149161;20.508448003;20.7403142202;302329909.337732;7806989097.428151;"2023-03-02T23:59:59.999Z"
"2023-03-01T00:00:00.000Z";"2023-03-01T23:59:59.999Z";"2023-03-01T08:56:00.000Z";"2023-03-01T00:58:00.000Z";"2790";20.7176848579;21.4284833676;20.5728765094;21.0964487848;327642210.87369895;8061832449.90679;"2023-03-01T23:59:59.999Z"
"2023-02-28T00:00:00.000Z";"2023-02-28T23:59:59.999Z";"2023-02-28T00:28:00.000Z";"2023-02-28T21:44:00.000Z";"2790";21.3873869157;21.411435379;20.6341892482;20.7199929623;330897129.6230725;7816675178.181499;"2023-02-28T23:59:59.999Z"
"2023-02-27T00:00:00.000Z";"2023-02-27T23:59:59.999Z";"2023-02-27T15:22:00.000Z";"2023-02-27T18:34:00.000Z";"2790";22.0351843407;22.0433213073;21.1322343291;21.3888765683;451005320.18909365;8136068499.736331;"2023-02-27T23:59:59.999Z"
"2023-02-26T00:00:00.000Z";"2023-02-26T23:59:59.999Z";"2023-02-26T20:43:00.000Z";"2023-02-26T01:43:00.000Z";"2790";21.30419011;22.2598284451;21.1153814682;22.0358416318;350315969.27168304;8320461785.102141;"2023-02-26T23:59:59.999Z"
"2023-02-25T00:00:00.000Z";"2023-02-25T23:59:59.999Z";"2023-02-25T02:11:00.000Z";"2023-02-25T21:22:00.000Z";"2790";21.7850560202;21.990560226;20.4699556642;21.3037572001;517053398.0897761;8051126110.137065;"2023-02-25T23:59:59.999Z"
"2023-02-24T00:00:00.000Z";"2023-02-24T23:59:59.999Z";"2023-02-24T01:20:00.000Z";"2023-02-24T16:28:00.000Z";"2790";22.5476832539;22.6827129514;21.4413686849;21.7795628098;577736461.7472415;8227400728.460424;"2023-02-24T23:59:59.999Z"
"2023-02-23T00:00:00.000Z";"2023-02-23T23:59:59.999Z";"2023-02-23T03:22:00.000Z";"2023-02-23T12:09:00.000Z";"2790";22.8016770477;23.1886267155;22.3292001502;22.5484697389;546141938.2675012;8524969569.2240095;"2023-02-23T23:59:59.999Z"
"2023-02-22T00:00:00.000Z";"2023-02-22T23:59:59.999Z";"2023-02-22T01:22:00.000Z";"2023-02-22T11:50:00.000Z";"2790";23.4226265298;23.5805890799;21.9942161441;22.7993838524;837917529.6679007;8584360828.456009;"2023-02-22T23:59:59.999Z"
"2023-02-21T00:00:00.000Z";"2023-02-21T23:59:59.999Z";"2023-02-21T01:02:00.000Z";"2023-02-21T21:31:00.000Z";"2790";24.5003085611;24.7419945227;23.1783486703;23.4212574235;866355078.2785933;8830591826.441683;"2023-02-21T23:59:59.999Z"
"2023-02-20T00:00:00.000Z";"2023-02-20T23:59:59.999Z";"2023-02-20T07:25:00.000Z";"2023-02-20T01:22:00.000Z";"2790";23.2506159709;25.1762796577;22.7971528015;24.4992322042;1365806355.155417;9263951712.919006;"2023-02-20T23:59:59.999Z"
"2023-02-19T00:00:00.000Z";"2023-02-19T23:59:59.999Z";"2023-02-19T22:31:00.000Z";"2023-02-19T01:55:00.000Z";"2790";21.9066112356;23.8776045928;21.7125994837;23.2438392981;927426137.2699986;8764387410.350945;"2023-02-19T23:59:59.999Z"
"2023-02-18T00:00:00.000Z";"2023-02-18T23:59:59.999Z";"2023-02-18T16:55:00.000Z";"2023-02-18T11:01:00.000Z";"2790";21.618494652;22.1692229563;21.432107022;21.9088357462;346095341.5074737;8283825077.5507555;"2023-02-18T23:59:59.999Z"
"2023-02-17T00:00:00.000Z";"2023-02-17T23:59:59.999Z";"2023-02-17T20:16:00.000Z";"2023-02-17T00:04:00.000Z";"2790";20.8907669461;21.9619677864;20.7705562151;21.6178978478;544536307.3946553;8209540803.531829;"2023-02-17T23:59:59.999Z"
"2023-02-16T00:00:00.000Z";"2023-02-16T23:59:59.999Z";"2023-02-16T00:23:00.000Z";"2023-02-16T23:55:00.000Z";"2790";22.3393129114;22.4731570945;20.8759729815;20.8963112215;827837178.76213;7849817325.017827;"2023-02-16T23:59:59.999Z"
"2023-02-15T00:00:00.000Z";"2023-02-15T23:59:59.999Z";"2023-02-15T23:55:00.000Z";"2023-02-15T02:56:00.000Z";"2790";20.3275459338;22.3595287943;20.0502578895;22.3433898968;696329821.0935098;8374066535.125178;"2023-02-15T23:59:59.999Z"
"2023-02-14T00:00:00.000Z";"2023-02-14T23:59:59.999Z";"2023-02-14T15:16:00.000Z";"2023-02-14T01:37:00.000Z";"2790";19.3702761327;20.6811269018;19.3048484842;20.329507815;807065752.7951977;7657835773.677353;"2023-02-14T23:59:59.999Z"
"2023-02-13T00:00:00.000Z";"2023-02-13T23:59:59.999Z";"2023-02-13T00:55:00.000Z";"2023-02-13T17:57:00.000Z";"2790";20.1216253625;20.1688744497;18.5366234614;19.3763739109;649244307.0448525;7309537074.5862875;"2023-02-13T23:59:59.999Z"
"2023-02-12T00:00:00.000Z";"2023-02-12T23:59:59.999Z";"2023-02-12T18:22:00.000Z";"2023-02-12T02:48:00.000Z";"2790";19.4871830347;20.852657167;19.3166738957;20.125063099;498614212.96975005;7545812481.518025;"2023-02-12T23:59:59.999Z"
"2023-02-11T00:00:00.000Z";"2023-02-11T23:59:59.999Z";"2023-02-11T22:46:00.000Z";"2023-02-11T00:01:00.000Z";"2790";18.83182094;19.5169380161;18.8234738512;19.4883247372;249950202.45131645;7313458032.869859;"2023-02-11T23:59:59.999Z"
"2023-02-10T00:00:00.000Z";"2023-02-10T23:59:59.999Z";"2023-02-10T08:24:00.000Z";"2023-02-10T22:34:00.000Z";"2790";19.0454224903;19.6591689059;18.5651346294;18.8334293792;609150915.4516482;7028597801.187184;"2023-02-10T23:59:59.999Z"
"2023-02-09T00:00:00.000Z";"2023-02-09T23:59:59.999Z";"2023-02-09T01:07:00.000Z";"2023-02-09T22:58:00.000Z";"2790";21.6494330343;21.7238576652;18.8113084781;19.0448169455;744201000.8598317;7156988432.639698;"2023-02-09T23:59:59.999Z"
"2023-02-08T00:00:00.000Z";"2023-02-08T23:59:59.999Z";"2023-02-08T00:52:00.000Z";"2023-02-08T16:35:00.000Z";"2790";22.2360286544;22.4983741605;21.3406244549;21.6410342766;497778208.5709453;8082846881.224586;"2023-02-08T23:59:59.999Z"
"2023-02-07T00:00:00.000Z";"2023-02-07T23:59:59.999Z";"2023-02-07T23:34:00.000Z";"2023-02-07T00:44:00.000Z";"2790";21.1551875124;22.2834563349;21.0646426427;22.2431752352;582931291.138728;8300105663.596864;"2023-02-07T23:59:59.999Z"
"2023-02-06T00:00:00.000Z";"2023-02-06T23:59:59.999Z";"2023-02-06T00:46:00.000Z";"2023-02-06T23:34:00.000Z";"2790";21.7750275662;21.9663045605;21.0740263539;21.1712782313;416973920.4079909;7843569658.514697;"2023-02-06T23:59:59.999Z"
"2023-02-05T00:00:00.000Z";"2023-02-05T23:59:59.999Z";"2023-02-05T06:51:00.000Z";"2023-02-05T21:16:00.000Z";"2790";22.4943404703;22.5925209962;21.4302461147;21.781940735;535052133.6556251;8095971851.216031;"2023-02-05T23:59:59.999Z"
"2023-02-04T00:00:00.000Z";"2023-02-04T23:59:59.999Z";"2023-02-04T13:25:00.000Z";"2023-02-04T23:59:00.000Z";"2790";22.840089919;23.0243912156;22.4926995481;22.4926995481;297770980.45938736;8384585337.267964;"2023-02-04T23:59:59.999Z"
"2023-02-03T00:00:00.000Z";"2023-02-03T23:59:59.999Z";"2023-02-03T15:40:00.000Z";"2023-02-03T03:19:00.000Z";"2790";22.2451494084;23.0232399242;22.1404235471;22.840935687;590323267.9960908;8430127265.757092;"2023-02-03T23:59:59.999Z"
"2023-02-02T00:00:00.000Z";"2023-02-02T23:59:59.999Z";"2023-02-02T18:25:00.000Z";"2023-02-02T23:58:00.000Z";"2790";22.6940668691;23.8461768189;22.2408114014;22.2506709858;923872589.6468372;8201364557.301527;"2023-02-02T23:59:59.999Z"
"2023-02-01T00:00:00.000Z";"2023-02-01T23:59:59.999Z";"2023-02-01T23:34:00.000Z";"2023-02-01T18:16:00.000Z";"2790";22.0469552241;22.8056773669;20.7442925875;22.6933946965;906160711.4990656;8563145995.620488;"2023-02-01T23:59:59.999Z"
"2023-01-31T00:00:00.000Z";"2023-01-31T23:59:59.999Z";"2023-01-31T16:43:00.000Z";"2023-01-31T11:02:00.000Z";"2790";22.0738738194;22.4007028842;21.7913099226;22.0531098345;568701670.3276824;8205522879.969701;"2023-01-31T23:59:59.999Z"
"2023-01-30T00:00:00.000Z";"2023-01-30T23:59:59.999Z";"2023-01-30T01:05:00.000Z";"2023-01-30T20:28:00.000Z";"2790";24.0384930191;24.1361148111;21.6529318662;22.0710849003;997188427.6102768;8185800166.795942;"2023-01-30T23:59:59.999Z"
"2023-01-29T00:00:00.000Z";"2023-01-29T23:59:59.999Z";"2023-01-29T20:13:00.000Z";"2023-01-29T00:20:00.000Z";"2790";22.0563765185;24.5208469125;21.9157081583;24.0377456442;1040811255.7434187;8932926041.039299;"2023-01-29T23:59:59.999Z"
"2023-01-28T00:00:00.000Z";"2023-01-28T23:59:59.999Z";"2023-01-28T05:16:00.000Z";"2023-01-28T21:01:00.000Z";"2790";22.4537506636;23.007664069;21.9285681414;22.0573103689;450588962.58802366;8195611300.827457;"2023-01-28T23:59:59.999Z"
"2023-01-27T00:00:00.000Z";"2023-01-27T23:59:59.999Z";"2023-01-27T20:10:00.000Z";"2023-01-27T14:29:00.000Z";"2790";22.3495726134;22.870859364;21.6449000542;22.4512269162;626796844.9588418;8322861221.351949;"2023-01-27T23:59:59.999Z"
"2023-01-26T00:00:00.000Z";"2023-01-26T23:59:59.999Z";"2023-01-26T03:16:00.000Z";"2023-01-26T16:13:00.000Z";"2790";22.4888329986;23.0177745969;22.0515800314;22.3493367115;741490456.5333724;8283520301.309977;"2023-01-26T23:59:59.999Z"
"2023-01-25T00:00:00.000Z";"2023-01-25T23:59:59.999Z";"2023-01-25T22:10:00.000Z";"2023-01-25T01:28:00.000Z";"2790";20.9364671997;23.0971625066;20.5671043982;22.4961664428;1070901206.0374824;8380013279.634212;"2023-01-25T23:59:59.999Z"
"2023-01-24T00:00:00.000Z";"2023-01-24T23:59:59.999Z";"2023-01-24T02:07:00.000Z";"2023-01-24T23:24:00.000Z";"2790";22.3937786431;23.1296131115;20.8066769021;20.9394897844;769885294.4196582;7784265003.029851;"2023-01-24T23:59:59.999Z"
"2023-01-23T00:00:00.000Z";"2023-01-23T23:59:59.999Z";"2023-01-23T03:16:00.000Z";"2023-01-23T14:16:00.000Z";"2790";22.3037089409;22.8375418223;22.0912692342;22.3989043989;805063561.524158;8322193119.925256;"2023-01-23T23:59:59.999Z"
"2023-01-22T00:00:00.000Z";"2023-01-22T23:59:59.999Z";"2023-01-22T04:49:00.000Z";"2023-01-22T20:55:00.000Z";"2790";22.6378422068;23.3413277834;21.8643935987;22.3048535309;946679026.6374419;8269589650.014055;"2023-01-22T23:59:59.999Z"
"2023-01-21T00:00:00.000Z";"2023-01-21T23:59:59.999Z";"2023-01-21T10:16:00.000Z";"2023-01-21T23:49:00.000Z";"2790";23.4920732631;24.2802024022;22.62952405;22.6413315639;1791723842.232029;8404981737.963798;"2023-01-21T23:59:59.999Z"
"2023-01-20T00:00:00.000Z";"2023-01-20T23:59:59.999Z";"2023-01-20T23:41:00.000Z";"2023-01-20T06:07:00.000Z";"2790";19.7753089302;23.6086597245;19.3854500701;23.4890809497;1309798600.9981828;8749527024.993145;"2023-01-20T23:59:59.999Z"
"2023-01-19T00:00:00.000Z";"2023-01-19T23:59:59.999Z";"2023-01-19T20:28:00.000Z";"2023-01-19T13:22:00.000Z";"2790";19.311682761;20.0829307591;18.982832079;19.7733271281;740614263.7279472;7363753941.739366;"2023-01-19T23:59:59.999Z"
"2023-01-18T00:00:00.000Z";"2023-01-18T23:59:59.999Z";"2023-01-18T15:14:00.000Z";"2023-01-18T16:40:00.000Z";"2790";21.2059073689;21.6332588444;19.1287383919;19.3106060792;1322841729.9811578;7164861349.448673;"2023-01-18T23:59:59.999Z"
"2023-01-17T00:00:00.000Z";"2023-01-17T23:59:59.999Z";"2023-01-17T11:28:00.000Z";"2023-01-17T23:58:00.000Z";"2790";21.7738781757;21.9993101127;21.2007480956;21.2018330658;855513652.3329331;7835687111.406269;"2023-01-17T23:59:59.999Z"
"2023-01-16T00:00:00.000Z";"2023-01-16T23:59:59.999Z";"2023-01-16T07:07:00.000Z";"2023-01-16T15:16:00.000Z";"2790";21.1338102726;22.8356102491;20.860938665;21.7717351746;1474590905.4007986;8076048881.33381;"2023-01-16T23:59:59.999Z"
"2023-01-15T00:00:00.000Z";"2023-01-15T23:59:59.999Z";"2023-01-15T00:25:00.000Z";"2023-01-15T09:10:00.000Z";"2790";22.3720291385;22.7343335822;20.3964000532;21.1335166578;1532518509.8109567;7817881595.916114;"2023-01-15T23:59:59.999Z"
"2023-01-14T00:00:00.000Z";"2023-01-14T23:59:59.999Z";"2023-01-14T23:23:00.000Z";"2023-01-14T00:02:00.000Z";"2790";16.8602754561;22.6541296732;16.8412090717;22.3631177509;3134359094.402936;8285962402.131023;"2023-01-14T23:59:59.999Z"
"2023-01-13T00:00:00.000Z";"2023-01-13T23:59:59.999Z";"2023-01-13T22:41:00.000Z";"2023-01-13T01:52:00.000Z";"2790";15.303353754;17.0695224457;15.092457681;16.8611415483;955152745.1617599;6239378706.120417;"2023-01-13T23:59:59.999Z"
"2023-01-12T00:00:00.000Z";"2023-01-12T23:59:59.999Z";"2023-01-12T01:01:00.000Z";"2023-01-12T14:46:00.000Z";"2790";15.191644657;15.6087994978;14.5676151897;15.3053752288;821848057.4091635;5717716622.56455;"2023-01-12T23:59:59.999Z"
"2023-01-11T00:00:00.000Z";"2023-01-11T23:59:59.999Z";"2023-01-11T23:37:00.000Z";"2023-01-11T17:01:00.000Z";"2790";15.08288533;15.2799996472;14.2976724592;15.1967199698;587244977.2700974;5642361809.245444;"2023-01-11T23:59:59.999Z"
"2023-01-10T00:00:00.000Z";"2023-01-10T23:59:59.999Z";"2023-01-10T21:01:00.000Z";"2023-01-10T02:52:00.000Z";"2790";15.1813255678;15.4994765817;14.6504229014;15.0834252572;776392376.1019562;5582927290.270377;"2023-01-10T23:59:59.999Z"
"2023-01-09T00:00:00.000Z";"2023-01-09T23:59:59.999Z";"2023-01-09T15:52:00.000Z";"2023-01-09T00:00:00.000Z";"2790";13.440387143;16.1556749816;13.440387143;15.1885158913;1903887911.9280114;5659352170.290506;"2023-01-09T23:59:59.999Z"
"2023-01-08T00:00:00.000Z";"2023-01-08T23:59:59.999Z";"2023-01-08T23:58:00.000Z";"2023-01-08T00:43:00.000Z";"2790";12.2769256551;13.4522633086;12.1201110317;13.439758372;501730140.58408207;4967051732.78314;"2023-01-08T23:59:59.999Z"
"2023-01-07T00:00:00.000Z";"2023-01-07T23:59:59.999Z";"2023-01-07T00:00:00.000Z";"2023-01-07T23:03:00.000Z";"2790";12.6847160897;12.6847160897;12.242760605;12.2776408215;197255009.30003044;4541095773.117815;"2023-01-07T23:59:59.999Z"
"2023-01-06T00:00:00.000Z";"2023-01-06T23:59:59.999Z";"2023-01-06T23:55:00.000Z";"2023-01-06T13:31:00.000Z";"2790";12.7554028374;12.7554028374;12.1667166748;12.6838579516;491517024.39117026;4731613819.621761;"2023-01-06T23:59:59.999Z"
"2023-01-05T00:00:00.000Z";"2023-01-05T23:59:59.999Z";"2023-01-05T20:37:00.000Z";"2023-01-05T09:53:00.000Z";"2790";12.6623221617;13.0836867222;12.2252000244;12.7540399478;531806600.96877694;4653448756.870454;"2023-01-05T23:59:59.999Z"
"2023-01-04T00:00:00.000Z";"2023-01-04T23:59:59.999Z";"2023-01-04T08:01:00.000Z";"2023-01-04T20:31:00.000Z";"2790";12.6593400678;13.302702843;12.1851358838;12.6609016222;1083604332.7595057;4686944667.844805;"2023-01-04T23:59:59.999Z"
"2023-01-03T00:00:00.000Z";"2023-01-03T23:59:59.999Z";"2023-01-03T16:16:00.000Z";"2023-01-03T01:58:00.000Z";"2790";10.5618149283;12.8024124336;10.3759557951;12.65455938;1076586814.0133557;4599269888.456583;"2023-01-03T23:59:59.999Z"
"2023-01-02T00:00:00.000Z";"2023-01-02T23:59:59.999Z";"2023-01-02T22:25:00.000Z";"2023-01-02T01:25:00.000Z";"2790";9.2471490299;10.6600567185;9.1939507324;10.5626796084;517386190.3540845;3840505800.391816;"2023-01-02T23:59:59.999Z"